BUSINESS UNIT,BUSINESS UNIT NAME,UNIT NUMBER,LEASE NUMBER,Tenant Name,D.B.A. Name,COMMENCEMENT,END DATE
132,Wellington Town Square,0010A,13218,THE UPS STORE,THE UPS STORE,9/21/2013,9/30/2018
132,Wellington Town Square,0030,13223,"POLO JEWELERS, INC.",POLO JEWELERS,2/1/1993,1/31/2018
132,Wellington Town Square,0021,13255,PINCH-A-PENNY,PINCH-A-PENNY,11/22/2002,11/30/2018
132,Wellington Town Square,0023,13268,JENNY CRAIG,JENNY CRAIG,1/31/2007,1/31/2018
132,Wellington Town Square,0010B,13272,NOBLE DENTAL,NOBLE DENTAL,2/3/2008,2/28/2018
132,Wellington Town Square,0029,13277,TOPFLIGHT MARTIAL ARTS,TOPFLIGHT MARTIAL ARTS,4/1/2011,3/31/2018
134,Old St Augustine Plaza,0117,13424,DOLLAR TREE,DOLLAR TREE,4/3/2003,4/30/2018
136,Woodcroft Shopping Center,0015,13603,STUDIO K SALON,STUDIO K SALON,6/1/1992,5/31/2018
136,Woodcroft Shopping Center,0017,13648,HOPE VALLEY WINE & BEVERAGE,HOPE VALLEY BOTTLE SHOP,8/24/2008,8/31/2018
136,Woodcroft Shopping Center,0021,13654,"LENDMARK FINANCIAL SERVICES, LLC",LENDMARK FINANCIAL,3/10/2013,3/31/2018
139,Carmel Commons,0010,13908,WYATT & DAD SHOE REPAIR SPECIALISTS,WYATT & DAD SHOE REPAIR SPECIA,10/1/1993,9/30/2018
139,Carmel Commons,0022,13918,BANGKOK OCHA,BANGKOK OCHA,9/1/1996,10/31/2018
139,Carmel Commons,0004,13941,EXPERT NAILS,EXPERT NAILS,5/17/2000,5/31/2018
139,Carmel Commons,0017,13942,THE JEWELRY STOP,THE JEWELRY STOP,11/18/2000,3/31/2018
139,Carmel Commons,0011,13973,POOL XPERTS,POOL XPERTS,6/1/2013,5/31/2018
145,Gardens Square,0B11,14519,LAKES & COUNTRY GENERAL INSURANCE,LAKES & COUNTRY GENERAL INS,8/23/1991,7/31/2018
145,Gardens Square,0B15,14521,"CARLOS E. FERNANDEZ, D.M.D","CARLOS E. FERNANDEZ, D.M.D",1/1/1992,12/31/2017
145,Gardens Square,00B2,14545,VOGA STYLE,VOGA STYLE,2/24/2010,2/28/2018
145,Gardens Square,00A5,14553,AT&T,AT&T,7/1/2013,6/30/2018
147,Boynton Lakes Plaza,0302,14747,LA SAND CLEANERS,LA SAND CLEANERS,9/1/2013,8/31/2018
147,Boynton Lakes Plaza,0105,14751,T-MOBILE,T-MOBILE,2/13/2015,2/28/2018
148,Pine Tree Plaza,0005,14804,CICI'S PIZZA,CICI'S PIZZA,5/1/1996,4/30/2018
148,Pine Tree Plaza,0011,14836,BELTONE HEARING AID CENTER,BELTONE HEARING AID CENTER,2/1/2010,1/31/2018
148,Pine Tree Plaza,0008,14838,DRY CLEAN CITY,DRY CLEAN CITY,1/1/2012,12/31/2017
180,Shoppes @ 104,0015,15313,LADY OF AMERICA,LADY OF AMERICA,6/1/1995,5/31/2018
180,Shoppes @ 104,0016,15337,NAIL EXPRESS,NAIL EXPRESS,1/1/2003,1/31/2018
180,Shoppes @ 104,0031,15338,"JORGE BARCENAS, M.D. P.A.","JORGE BARCENAS, M.D., P.A.",10/1/2002,9/30/2018
180,Shoppes @ 104,0009,15340,USA TAE KWON DO SCHOOL,USA TAE KWON DO SCHOOL,1/1/2003,12/31/2017
154,Fleming Island,0005,15403,PATCHES GIFTS & CRAFTS,PATCHES GIFTS & CARDS,12/7/1994,6/30/2018
154,Fleming Island,0010,15406,PIZZA HUT #710226,PIZZA HUT,9/1/1994,8/31/2018
154,Fleming Island,C,154101,PEARLE VISION,PEARLE VISION,4/15/2008,4/30/2018
154,Fleming Island,0023,154115,HUT NO.8,HUT NO. 8,1/2/2013,1/31/2018
154,Fleming Island,E1,154120,SWEETWOOD BOOKS,SWEETWOOD BOOKS,4/1/2014,3/31/2018
154,Fleming Island,B1,154121,POSH,POSH,12/1/2013,11/30/2018
154,Fleming Island,B2,154123,PAINTING WITH A TWIST,PAINTING WITH A TWIST,1/9/2015,1/31/2018
154,Fleming Island,A1,15428,"HAPPY NAILS & FEET, HAPPY TAN","HAPPY NAILS & FEET, HAPPY TAN",8/1/2002,10/31/2018
154,Fleming Island,0006,15432,SALLY BEAUTY COMPANY,SALLY BEAUTY SUPPLY,3/13/2003,3/31/2018
401,Julington Village,0115,16908,L & L CLEANERS,L & L CLEANERS,8/13/2000,8/31/2018
173,Shoppes at Bartram Park,105,17302,"IMAGINE ORTHODONTICS, INC.",IMAGINE ORTHODONTICS,4/1/2005,7/31/2018
173,Shoppes at Bartram Park,503,17303,THE UPS STORE,THE UPS STORE,1/18/2005,3/31/2018
173,Shoppes at Bartram Park,169,17313,AT&T,AT&T,2/22/2005,2/28/2018
173,Shoppes at Bartram Park,502,17361,QUEST DIAGNOSTICS,QUEST DIAGNOSTICS,5/21/2013,5/31/2018
173,Shoppes at Bartram Park,141,17362,MICHAEL'S FORMALWEAR,MICHAEL'S FORMALWEAR,7/17/2013,7/31/2018
175,Anastasia Plaza,0034,17502,THE UNCAGED CORK,THE UNCAGED CORK,2/28/2012,2/28/2018
175,Anastasia Plaza,0005,17503,RETAIL THERAPY,RETAIL THERAPY,7/23/2012,12/31/2017
175,Anastasia Plaza,0010A,17504,GNC,GNC,2/27/2013,2/28/2018
180,Shoppes @ 104,0018,180004,ADVANCE AMERICA,ADVANCE AMERICA,2/13/2012,2/28/2018
180,Shoppes @ 104,0019,180006,SUSHI SAKE,SUSHI SAKE,1/28/2013,1/31/2018
180,Shoppes @ 104,0007,180008,PINCH-A-PENNY,PINCH-A-PENNY,7/1/2012,6/30/2018
180,Shoppes @ 104,0013,180009,GALAXY BAKERY,GALAXY BAKERY,7/18/2013,7/31/2018
207,Glenwood Village,0007A,20707,TAYLOR'S OF RALEIGH,TAYLOR'S OF RALEIGH,4/1/1994,1/31/2018
207,Glenwood Village,0003A,20711,FRAME WAREHOUSE,FRAME WAREHOUSE,2/24/2003,2/28/2018
260,Shops at John's Creek,0110,26009,ORTHOPAEDIC ASSOCIATES OF ST. AUGUSTINE,ORTHOPAEDIC ASSOCIATES OF ST.,10/1/2009,12/31/2017
260,Shops at John's Creek,0105,26010,FIRST BAPTIST CHURCH OF JACKSONVILLE,FIRST BAPTIST CHURCH OF JACKSO,7/4/2010,7/31/2018
313,Indio Towne Center,1425,31326,LA CASITA MEXICAN RESTAURANT,LA CASITA MEXICAN RESTAURANT,3/4/2013,3/31/2018
313,Indio Towne Center,1835,31328,SALUD ES REQUEZA INC,HERBALIFE,7/1/2013,6/30/2018
410,Valencia Crossroads,0204,41002,NAIL FORUM SALON & SPA,NAIL FORUM SALON & SPA,8/18/2003,8/31/2018
410,Valencia Crossroads,0411,41004,"PEI WEI ASIAN DINER, INC.",PEIWEI,8/18/2003,8/31/2018
410,Valencia Crossroads,0410,41005,"SENNA COSMETICS, INC",SENNA COSMETICS,7/29/2003,7/31/2018
410,Valencia Crossroads,0300,41007,UNION BANK OF CALIFORNIA,UNION BANK OF CALIFORNIA,8/11/2003,8/31/2018
410,Valencia Crossroads,0409,41012,CLASSIC DESIGNS JEWELRY,CLASSIC DESIGNS JEWELRY,8/2/2003,8/31/2018
410,Valencia Crossroads,0406,41014,WINE 661,WINE 661,8/2/2003,8/31/2018
410,Valencia Crossroads,0350,41015,CORNER BAKERY CAFE #0208,CORNER BAKERY CAFE,9/16/2003,9/15/2018
410,Valencia Crossroads,0401,41019,STARBUCKS,STARBUCKS,7/19/2003,7/31/2018
410,Valencia Crossroads,0701,41036,VAL SURF,VAL SURF,7/14/2010,3/31/2018
410,Valencia Crossroads,0407,41041,YOGURTLAND,YOGURTLAND,6/5/2013,6/30/2018
410,Valencia Crossroads,0403B,41043,NOTHING BUNDT CAKES,NOTHING BUNDT CAKES,11/15/2013,11/30/2018
413,Seal Beach Center,0A18,41342,THE NAIL & SPA COMPANY OF SEAL BEACH,THE NAIL & SPA CO. OF SEAL,6/27/2006,6/30/2018
413,Seal Beach Center,0B03,41351,WELLS FARGO - BE#144360,WELLS FARGO BANK,5/27/2008,5/31/2018
413,Seal Beach Center,0A08,41353,NAUTICA CLEANERS,NAUTICA CLEANERS,10/28/2008,10/31/2018
413,Seal Beach Center,0A16,41368,PATHIVARA THREADING SALON,PATHIVARA THREADING SALON,10/1/2011,9/30/2018
413,Seal Beach Center,0A19,41370,WC DESIGN CENTER,WC DESIGN CENTER,2/27/2012,2/28/2018
413,Seal Beach Center,0A20,41383,SEAL BEACH PILATES,SEAL BEACH PILATES,11/8/2015,11/30/2018
423,Cameron Village,A0145,423191,THE CAMERON BAR AND GRILL,THE CAMERON BAR AND GRILL,4/21/2008,4/30/2018
423,Cameron Village,A0145-1,423202,THE FLYING BISCUIT CAFE,THE FLYING BISCUIT CAFE,10/13/2008,10/31/2018
423,Cameron Village,C0314,423204,FRANCESCA'S COLLECTIONS,FRANCESCA'S COLLECTIONS,6/30/2008,6/30/2018
423,Cameron Village,B0234,423205,NOODLES & COMPANY,NOODLES & COMPANY,10/10/2008,10/31/2018
423,Cameron Village,A0177,423221,MADISON,MADISON,8/2/2010,8/31/2018
423,Cameron Village,A0147,423229,MATTRESS FIRM,MATTRESS FIRM,12/11/2010,12/31/2017
423,Cameron Village,A0126,423254,OPULENCE OF SOUTHERN PINES,OPULENCE OF SOUTHERN PINES,4/18/2013,4/30/2018
423,Cameron Village,A0152,423260,ARROW BARBERING CO.,ARROW BARBERING CO.,11/30/2013,11/30/2018
423,Cameron Village,E0544,423269,MOON AND LOLA,MOON AND LOLA,4/15/2015,4/30/2018
423,Cameron Village,E0545,423271,FURBISH STUDIO,FURBISH STUDIO,5/15/2015,5/31/2018
423,Cameron Village,E0530,423282,MOD MULE,MOD MULE,11/1/2016,12/31/2017
423,Cameron Village,E0508,42343,H & H SHOE REPAIR,H & H SHOE REPAIR,12/1/2003,11/30/2018
423,Cameron Village,A0103,42372,"ANN TAYLOR, STORE #582",ANN TAYLOR,8/1/2000,12/31/2017
175,Anastasia Plaza,0006,43908,NAILS SO HAPPY,NAILS SO HAPPY,2/21/2006,2/28/2018
175,Anastasia Plaza,0004A,43918,BELTONE,BELTONE HEARING AID CENTER,1/1/2010,12/31/2017
180,Shoppes @ 104,0012,44041,THE UPS STORE,THE UPS STORE,7/1/2003,6/30/2018
174,Amerige Heights Town Center,ATM,49805,BANK OF AMERICA - ATM,BANK OF AMERICA - ATM,3/22/2008,3/31/2018
93015,Maynard Crossing,0001,51306,BRIGS RESTAURANT,BRIGS RESTAURANT,1/1/1997,12/31/2017
515,Lake Pine Plaza,0002,51502,MEDLIN DAVIS CLEANERS,MEDLIN DAVIS CLEANERS,2/26/1997,2/28/2018
515,Lake Pine Plaza,0003,51503,JERSEY MIKE'S SUBS,JERSEY MIKE'S SUBS,4/1/1997,3/31/2018
515,Lake Pine Plaza,0001,51528,WELLS FARGO,WELLS FARGO BANK,10/17/2011,10/31/2018
515,Lake Pine Plaza,0013,51530,IN SHAPE MD,IN SHAPE MD,12/19/2012,12/31/2017
53,Welleby Plaza,10105,5319,SHANGHAI TOKYO RESTAURANT,SHANGHAI TOKYO RESTAURANT,12/17/1994,12/31/2017
53,Welleby Plaza,10147A,5335,FIRSTBANK FLORIDA,FIRST BANK FLORIDA,10/1/1996,3/31/2018
53,Welleby Plaza,10119B,5351,TLC PET GROOMING,TLC PET GROOMING,11/9/2002,11/30/2018
53,Welleby Plaza,10139,5355,NEW YORK BAGEL AND DELI,NEW YORK BAGEL AND DELI,2/20/2003,2/28/2018
541,French Valley Village Center,A010,54102,WINCHESTER CLEANERS,WINCHESTER CLEANERS,9/21/2006,9/30/2018
541,French Valley Village Center,A014,54135,HORIZON PET SUPPLY,HORIZON PET SUPPLY,5/1/2009,4/30/2018
541,French Valley Village Center,A003,54140,BLISS SPA,BLISS SPA,2/20/2012,2/28/2018
599,Gelson's Westlake Market Plaza,0012C,59919,LOGIX FEDERAL CREDIT UNION,LOCKHEED FEDERAL CREDIT UNION,11/29/2003,11/30/2018
599,Gelson's Westlake Market Plaza,0010A,59923,BIG OAK IMAGING,IMAGING SOLUTIONS,6/17/2004,6/30/2018
60036,Oakleaf Commons,104,6003619,BIG MIKE'S PIZZA,BIG MIKE'S PIZZA,9/1/2013,8/31/2018
60036,Oakleaf Commons,300,6003620,PARSONS BRINCKERHOFF,PARSONS BRINCKERHOFF,1/24/2014,1/31/2018
60078,Nocatee Town Center,0306,6007810,PALM LEAF DENTAL,PALM LEAF DENTAL,1/17/2013,1/31/2018
60114,Sutton Square,0019,6011417,RALEIGH NAIL,RALEIGH NAIL,3/9/2004,3/31/2018
60114,Sutton Square,0009,6011449,RALEIGH CARY REALTY,RALEIGH CARY REALTY,8/4/2013,8/31/2018
60114,Sutton Square,0028,6011450,BODY BY DESIGN STUDIO,BODY BY DESIGN STUDIO,9/28/2013,9/30/2018
60208,Caligo Crossing,104,6020809,AT&T,AT&T,2/15/2014,2/28/2018
60301,Market at Colonnade Center,100,6030109,"GOOD LOOKS OD, P.A.",GOOD LOOKS,9/28/2013,9/30/2018
60301,Market at Colonnade Center,140,6030110,FLEET FEET SPORTS,FLEET FEET SPORTS,11/29/2013,11/30/2018
60314,Cochran Commons,0140,6031403,GREAT CLIPS,GREAT CLIPS,11/1/2003,10/31/2018
60421,Marina Shores,6604,6042104,HAPPY NAILS & SPA,HAPPY NAIL & SPA,7/18/2003,7/31/2018
60507,Providence Commons,05,6050707,GREAT CLIPS,GREAT CLIPS,3/6/1995,3/5/2018
60552,Shops at Erwin Mill,0250,6055209,140 SALON AND DRY BAR,140 SALON AND DRY BAR,9/17/2013,9/30/2018
60617,Balboa Mesa Shopping Center,0105,6061704,SPRINT,SPRINT,7/5/2009,7/31/2018
60617,Balboa Mesa Shopping Center,0113,6061718,THE LAUNDERETTE,THE LAUNDRETTE,4/1/1992,11/30/2018
60617,Balboa Mesa Shopping Center,PARK,6061736,CCH,CCH,6/1/2015,5/31/2018
60621,Village Plaza,0100,6062104,"GRIMBALL JEWELERS, INC","GRIMBALLS JEWELERS, INC",7/1/2000,1/7/2018
60621,Village Plaza,0170,6062106,"ORANGE COUNTY FARM BUREAU, INC.","ORANGE COUNTY FARM BUREAU, INC",10/1/2008,9/30/2018
60621,Village Plaza,0120,6062109,TWIG,TWIG,11/1/2007,2/28/2018
60621,Village Plaza,0130,6062118,TWIG,TWIG,5/1/2014,2/28/2018
60621,Village Plaza,0160,6062120,TWIG,TWIG STORAGE,1/1/2017,2/28/2018
60622,The Hub Hillcrest Market,C103,6062216,FIJI YOGURT,FIJI YOGURT,4/4/2008,7/3/2018
60622,The Hub Hillcrest Market,C105,6062217,CAREPLUS CVS/PHARMACY,CAREPLUS CVS/PHARMACY,10/17/1989,8/6/2018
60622,The Hub Hillcrest Market,C203,6062220,FIX BODY GROUP,FIX BODY GROUP,4/19/1999,11/30/2018
60622,The Hub Hillcrest Market,E101,6062229,NURTISHOP,NUTRISHOP,8/21/2012,12/20/2017
60622,The Hub Hillcrest Market,J103,6062249,RAINBOW FLOWERS,RAINBOW FLOWERS,5/1/1993,4/30/2018
60622,The Hub Hillcrest Market,B203,6062260,IF I WAS A BIRD YOGA,IF I WAS A BIRD YOGA,10/19/2013,10/31/2018
60622,The Hub Hillcrest Market,G206F,6062265,JEFFERY LEIDEN,JEFFERY LEIDEN,3/1/2014,6/30/2018
60622,The Hub Hillcrest Market,G203C,6062282,CARLA D COSHOW,CARLA D COSHOW,3/21/2016,3/31/2018
60622,The Hub Hillcrest Market,A211,6062287,CREATIVE INSURANCE GROUP,CREATIVE INSURANCE GROUP,11/18/2016,11/30/2018
60627,Phillips Place,0900,6062703,RESTORATION HARDWARE,RESTORATION HARDWARE,9/25/1997,1/31/2018
60627,Phillips Place,0410,6062716,PAPER SOURCE,PAPER SOURCE,11/1/2008,11/30/2018
60673,Holly Park,245,6067313,OVERTON'S,OVERTON'S,9/13/1996,1/31/2018
60673,Holly Park,280,6067320,JERSEY MIKE'S,JERSEY MIKE'S,2/1/2004,12/31/2017
60673,Holly Park,STOR2C,6067333,ADAM PITNEY,ADAM PITNEY- STORAGE,7/1/2015,6/30/2018
639,El Camino Shopping Center,23365,63921,RADIO SHACK (vac: 3/27/17),RADIO SHACK,10/6/1992,1/31/2018
639,El Camino Shopping Center,3000,63950,CINGULAR WIRELESS TOWER,CINGULAR WIRELESS TOWER,12/27/2002,12/26/2017
639,El Camino Shopping Center,23333,63969,THE JOINT,THE JOINT,6/27/2013,6/30/2018
639,El Camino Shopping Center,PARK,63972,CCH,CCH,11/1/2014,10/31/2018
640,Plaza Hermosa,C5,64023,KRISER'S FOR YOUR PET'S ALL-NATURAL LIFE,KRISER'S FEEDING PETS FOR LIFE,8/13/2013,8/31/2018
641,Woodman Van Nuys,A005,64132,SEPULVEDA CLEANERS,SEPULVEDA CLEANERS,8/29/2013,8/31/2018
641,Woodman Van Nuys,A006,64134,CRICKET WIRELESS,CRICKET WIRELESS,8/17/2015,8/31/2018
642,Oakbrook Plaza,1772I,64214,E.T. DONUTS,E.T. DONUTS,4/1/1989,3/31/2018
642,Oakbrook Plaza,1772C,64240,BODHI ACUPUNCTURE,BODHI ACUPUNCTURE,2/28/2004,2/28/2018
642,Oakbrook Plaza,1772B,64243,UNITED WIRELESS,UNITED WIRELESS,12/1/2005,11/30/2018
642,Oakbrook Plaza,1772D,64259,DANU'S THREADING,DANU'S THREADING,7/7/2015,7/31/2018
644,Heritage Plaza,222U,644119,PASSPORT TO TRAVEL,PASSPORT TO TRAVEL,9/21/2007,10/31/2018
644,Heritage Plaza,PADE,644123,JPMORGAN CHASE BANK,JPMORGAN CHASE BANK,11/8/2008,11/30/2018
644,Heritage Plaza,255U,644133,ORANGE FREIGHT FORWARDING,ORANGE FREIGHT FORWARDING,7/1/2011,6/30/2018
644,Heritage Plaza,5A,64427,RICHARDS HAIR WORLD,RICHARDS HAIR WORLD,11/1/1995,10/31/2018
644,Heritage Plaza,225U,64473,FARMER'S INSURANCE,FARMERS INSURANCE,7/1/1999,11/30/2018
644,Heritage Plaza,210U,644902,OCC ESCROW,OCC ESCROW,3/6/2015,3/31/2018
645,Morningside Plaza,A1,64505,BAGEL BISTRO,BAGEL BISTRO,5/3/1995,2/28/2018
645,Morningside Plaza,A7,64509,KIDS CORNER DENTAL,KIDS CORNER DENTAL,7/4/1993,7/31/2018
645,Morningside Plaza,A6,64552,SMOKE INN,SMOKE INN,3/14/2009,5/31/2018
645,Morningside Plaza,A10,64557,GAMES WORKSHOP,GAMES WORKSHOP,4/7/2010,4/30/2018
645,Morningside Plaza,B3,64558,INFINITY OPTOMETRY,INFINITY OPTOMETRY,10/26/2010,10/31/2018
645,Morningside Plaza,A13,64569,AKADEMIA INSTITUTE,AKADEMIA INSTITUTE,12/19/2012,12/31/2017
646,Rona Plaza,2015K,64613,CASA GUADALUPE FAMILY MEDICAL CLINIC,CASA GUADALUPE FAMILY MEDICAL,11/1/1997,10/31/2018
646,Rona Plaza,2015J,64619,HOME VIDEO PLUS,HOME VIDEO PLUS,9/20/2006,9/30/2018
647,Newland Center,19740,64763,GAMESTOP,GAMESTOP,4/24/2003,4/30/2018
647,Newland Center,19732,64782,HAND & STONE MASSAGE  & FACIAL SPA,HAND & STONE MASSAGE & FACIAL,10/6/2013,10/31/2018
648,El Norte Pkwy Plaza,1012,64804,MARGARET HOHN &  MAURICE P. DUQUETTE,SAFARI COFFEE,10/1/1990,9/30/2018
648,El Norte Pkwy Plaza,1034,64834,SUBWAY,SUBWAY,10/31/2003,9/30/2018
648,El Norte Pkwy Plaza,1042,64847,WHITELEY CHIROPRACTIC CENTER,WHITELEY CHIROPRACTIC CENTER,8/1/2013,7/31/2018
648,El Norte Pkwy Plaza,PARK,64851,CCH,CCH,6/1/2015,5/31/2018
649,Costa Verde Center,A117,64907,APPOLLONIA GREEK BISTRO,APOLLONIA GREEK BISTRO,12/22/1992,1/31/2018
649,Costa Verde Center,B103,64913,JENNY CRAIG WEIGHT LOSS CENTRE,JENNY CRAIG,8/31/1989,2/28/2018
649,Costa Verde Center,B113,64917,US POST OFFICE,US POST OFFICE,11/15/1990,12/14/2017
649,Costa Verde Center,D157,64975,YOGURTLAND,YOGURTLAND,10/18/2013,10/31/2018
649,Costa Verde Center,B119,64976,THE CLASSICAL EYE-OPTOMETRIC,THE CLASSICAL EYE OPTOMETRIC,11/14/2013,11/30/2018
649,Costa Verde Center,PARK,64978,CCH,CCH,11/1/2014,10/31/2018
650,Friars Mission Center,902,65036,TANDOOR,TANDOOR,1/1/1992,4/30/2018
650,Friars Mission Center,901,65048,THE WORKS,THE WORKS,11/19/2002,3/31/2018
650,Friars Mission Center,1101,65049,WELLS FARGO BANK,WELLS FARGO BANK,4/1/2003,3/31/2018
650,Friars Mission Center,603,65060,GOOD FEET,GOOD FEET,1/16/2007,1/31/2018
650,Friars Mission Center,402,65063,ELVA'S BOWLS & WRAPS,ELVA'S BOWLS & WRAPS,8/14/2008,8/31/2018
650,Friars Mission Center,PARK,65074,CCH,CCH,11/1/2014,10/31/2018
651,Twin Peaks,14737,65103,FAMOUS FOOTWEAR,FAMOUS FOOTWEAR,10/28/1988,10/31/2018
651,Twin Peaks,14863,65123,CIRCLE K STORES,CIRCLE K STORES,4/20/1990,5/31/2018
651,Twin Peaks,14857,65165,POWAY FINE JEWELERS,POWAY FINE JEWELERS,3/5/2012,3/31/2018
651,Twin Peaks,14845,65167,HEAR USA,HEAR USA,2/4/2013,2/28/2018
671,Westlake Village Plaza,0044,67136,CIRCLE K STORES,CIRCLE K STORES,1/1/1970,5/31/2018
671,Westlake Village Plaza,0005,67137,CARRIAGE CLEANERS,CARRIAGE CLEANERS,6/3/1993,9/30/2018
71,Aventura Shopping Center,0001,7101,PUBLIX,PUBLIX,11/30/1973,11/30/2018
760,4S Commons Town Center,A043,76005,GLOSS SALON BOUTIQUE,GLOSS BEAUTY BOUTIQUE & SALON,1/24/2007,9/30/2018
760,4S Commons Town Center,A027,76039,GO WIRELESS/VERIZON WIRELESS AUTHORIZED,GO WIRELESS/VERIZON WIRELESS,11/15/2006,11/30/2018
760,4S Commons Town Center,C002,76062,"BLOWBUNNY, A BLOW-DRY LOUNGE","BLOWBUNNY, A BLOW-DRY LOUNGE",10/20/2013,10/31/2018
760,4S Commons Town Center,PARK,76068,CCH,CCH,11/1/2014,10/31/2018
175,Anastasia Plaza,0013,768,CATO,CATO,1/27/2003,1/31/2018
175,Anastasia Plaza,0031,769,LUCKY GARDEN CHINESE RESTAURANT,LUCKY GARDEN CHINESE RESTAURAN,6/11/2003,10/31/2018
82,Chasewood Plaza,0033,8312,ORANGETHEORY FITNESS,ORANGETHEORY FITNESS,6/1/2013,5/31/2018
82,Chasewood Plaza,0035,8321,REVITALIV,REVITALIV,9/3/2015,9/30/2018
82,Chasewood Plaza,0041,8322,CANDLES BY MIMI'S DAUGHTER,CANDLES BY MIMI'S DAUGHTER,8/26/2015,8/31/2018
82,Chasewood Plaza,0005,8323,OFF THE GRID BOUTIQUE,OFF THE GRID BOUTIQUE,7/4/2015,7/31/2018
90002,Granada Village,01,9000202,KFC,KFC,2/10/1978,1/31/2018
90002,Granada Village,02,9000203,H&R BLOCK,H & R BLOCK,11/5/1999,4/30/2018
90002,Granada Village,04,9000205,FIRST FINANCIAL CREDIT UNION,FIRST FINANCIAL CREDIT UNION,7/15/1994,3/14/2018
90002,Granada Village,08,9000209,PICK UP STIX,PICK UP STIX,1/31/1998,12/31/2017
90002,Granada Village,12,9000212,US POST OFFICE,US POST OFFICE,9/1/1991,5/31/2018
90002,Granada Village,19,9000219,GNC,GNC,12/20/2002,12/31/2017
90002,Granada Village,17,9000228,MAIL & SHIP HUB,THE UPS STORE,3/1/2003,2/28/2018
90002,Granada Village,32A,9000260,WELLS FARGO HOME MORTGAGE,WELLS FARGO HOME MORTGAGE,6/11/2012,6/30/2018
90002,Granada Village,21,9000266,EUROPEAN WAX CENTER,EUROPEAN WAX CENTER,8/27/2013,8/31/2018
90002,Granada Village,22,9000268,PREMIER AMERICA CREDIT UNION,PREMIER AMERICA CREDIT UNION,11/12/2013,11/30/2018
90002,Granada Village,PARK,9000270,CCH,CCH,11/1/2014,10/31/2018
90003,Twin Oaks Shopping Ctr,04,9000303,RALPHS #26,RALPHS,5/1/1978,11/30/2018
90003,Twin Oaks Shopping Ctr,18,9000332,SWEET XO,SWEET XO,3/1/2012,2/28/2018
90004,Brea Marketplace,32,9000428,TGI FRIDAYS # 1918,TGI FRIDAYS,10/7/1991,4/30/2018
90004,Brea Marketplace,21,9000440,JERSEY MIKE'S SUBS,JERSEY MIKE'S SUBS,1/21/2009,9/30/2018
90004,Brea Marketplace,28,9000452,KAYA BEAUTY AND THREADING STUDIO,KAYA BEAUTY AND THREADING,1/29/2012,1/31/2018
90004,Brea Marketplace,27,9000456,H&R BLOCK,H & R BLOCK,10/15/2013,4/30/2018
90010,Point Loma Plaza,20-B,9001008,NAVY FEDERAL CREDIT UNION,NAVY FEDERAL CREDIT UNION,4/8/1997,7/31/2018
90010,Point Loma Plaza,23,9001012,MIDWAY CLASSIC MALT SHOP,MIDWAY CLASSIC MALT SHOP,12/10/1993,8/31/2018
90010,Point Loma Plaza,42A,9001035,USCG RECRUITING CENTER,USCG RECRUITING CENTER,1/1/1998,9/30/2018
90010,Point Loma Plaza,48,9001040,HENRY WONG CHIROPRACTIC,HENRY WONG CHIROPRACTIC,4/1/2002,6/30/2018
90010,Point Loma Plaza,20-A,9001061,FIREHOUSE SUBS,FIREHOUSE SUBS,3/7/2013,3/31/2018
90011,Rancho San Diego Village,3649,9001107,DANTE'S CLEANERS,DANTE'S CLEANERS,9/26/2003,9/30/2018
90011,Rancho San Diego Village,3705,9001119,KING DRAGON RESTAURANT,KING DRAGON RESTAURANT,9/1/1998,8/31/2018
90011,Rancho San Diego Village,3753,9001137,NUTRIMART,NUTRIMART,3/13/2003,3/31/2018
90011,Rancho San Diego Village,3713,9001157,MASSAGE ENVY,MASSAGE ENVY,9/17/2007,12/31/2017
90011,Rancho San Diego Village,3759,9001158,STARBUCKS,STARBUCKS,2/22/2008,2/28/2018
90011,Rancho San Diego Village,3741,9001171,FRANK'S PIZZA,FRANK'S PIZZA,5/27/2013,5/31/2018
90058,Shoppes of Kildaire,27,9005812,THE INSURANCE DOCTOR,THE INSURANCE DOCTOR,4/27/1999,6/30/2018
90058,Shoppes of Kildaire,03,9005816,HOME COMFORT FURNITURE,HOME COMFORT FURNITURE,7/1/1997,1/31/2018
90058,Shoppes of Kildaire,29,9005828,MEDLIN DAVIS CLEANERS,MEDLIN DAVIS CLEANERS,6/1/2006,5/31/2018
90058,Shoppes of Kildaire,23A,9005834,TN NAILS,TN NAILS,7/20/2008,7/31/2018
90058,Shoppes of Kildaire,10,9005851,PATRICK JANES,PATRICK JANES,10/8/2013,10/31/2018
92057,Johns Creek Center,0122,9205705,ST. VINCENT'S PRIMARY CARE,ST. VINCENT'S PRIMARY CARE,10/11/2011,10/31/2018
93014,Hasley Canyon Village,C002,9301401,H&R BLOCK,H & R BLOCK,12/1/2010,5/15/2018
93015,Maynard Crossing,0013,9301501,JET'S PIZZA,JET'S PIZZA,5/14/2011,11/30/2018
139,Carmel Commons,PARK,139002,,SIMPSON'S CHRISTMAS TREES,11/29/2017,12/31/2017
90057,Rockford Road Plaza,100,9005706,BATH & BODY WORKS,BATH & BODY WORKS,6/1/2000,1/31/2018
93017,Willa Springs,0009,19010,CHINA FUN,CHINA FUN,8/15/1993,8/31/2018
20,Newberry Square,0009,2037,ARCHER BEAUTY,ARCHER BEAUTY,6/5/2006,6/30/2018
92060,Shoppes of Pebblebrooke,0009,43501,DOMINO'S,DOMINO'S PIZZA,12/30/2002,4/30/2018
60525,Willow Festival,0009,6052524,WINDY CITY JEWELERS,WINDY CITY JEWELERS (SUB: QUO,2/25/2008,2/28/2018
159,Hinsdale,0014,15943,PALM BEACH TAN,PALM BEACH TAN,10/13/2003,10/31/2018
93017,Willa Springs,0014,9301706,JERSEY MIKE'S SUBS,JERSEY MIKE'S SUBS,9/9/2013,9/30/2018
159,Hinsdale,0016,15961,CABINETRY SOLUTIONS,CABINETRY SOLUTIONS,4/18/2012,8/31/2018
93017,Willa Springs,0016,19026,GAMESTOP,GAMESTOP,7/17/2002,7/31/2018
60796,Klahanie Shopping Center,104,6079604,KLAHANIE CLEANERS,KLAHANIE CLEANERS,8/17/1998,8/31/2018
60268,Westchase,203,6026807,MARINA'S PIZZA & PASTA,MARINA'S PIZZA AND PASTA,7/1/1998,6/30/2018
184,Stroh Ranch,0001A,18402,"DILLON COMPANIES, INC.",KING SOOPERS,10/7/1998,10/31/2018
90020,Applewood Shopping Ctr,46,9002001,REGIONAL TRANSPORTATION DISTRI,RTD,5/1/1995,6/30/2018
90020,Applewood Shopping Ctr,01,9002002,WAL-MART,WAL-MART,4/30/1988,1/31/2018
520,Lloyd King Center,0105,52009,PAPA MURPHY'S TAKE & BAKE,PAPA MURPHY'S TAKE & BAKE,8/18/1998,8/31/2018
60796,Klahanie Shopping Center,102,6079602,THE UPS STORE,THE UPS STORE,7/18/1998,8/31/2018
90057,Rockford Road Plaza,108,9005743,SPRING COMMUNICATIONS,SPRING MOBILE,11/15/2013,11/30/2018
93017,Willa Springs,0025,19023,"RDM DENTISTRY, PA",RDM DENTISTRY,4/1/1993,3/31/2018
60031,Falcon,130,6003108,G.J GARDNER HOMES,G.J GARDNER HOMES,4/3/2008,4/30/2018
60031,Falcon,160,6003102,GREAT CLIPS,GREAT CLIPS,2/15/2008,2/28/2018
60076,Apple Valley Square,02,6007602,RAINBOW FOODS,RAINBOW FOODS (vac: 7/22/14),6/23/1986,6/30/2018
90035,Stonebrook Plaza Shop Ctr,02,9003502,PAYLESS SHOESOURCE,PAYLESS SHOES,12/1/1985,12/31/2017
90056,Colonial Square,02,9005623,LINDBLOM JEWELERS,LINDBLOM JEWELERS,5/1/2010,4/30/2018
90030,Civic Center Plaza,03,9003032,ITALIANA MEN'S FASHION,ITALIANA MEN'S FASHION,2/1/2013,1/31/2018
90033,Riverside Sq & River's Edge,03,9003303,"RENT-A-CENTER, INC. #1363",RENT-A-CENTER,11/4/1986,3/31/2018
90035,Stonebrook Plaza Shop Ctr,06,9003506,GNC,GNC,5/1/1998,4/30/2018
90020,Applewood Shopping Ctr,08,9002008,APPLEWOOD TAILOR,APPLEWOOD TAILOR,12/1/1998,11/30/2018
90030,Civic Center Plaza,08,9003007,CIVIC CENTER CLEANERS,CIVIC CENTER CLEANERS,1/1/2001,11/30/2018
90033,Riverside Sq & River's Edge,10,9003310,GNC,GNC,6/16/1998,8/31/2018
90033,Riverside Sq & River's Edge,20,9003335,ALPINE CUTS,ALPINE CUTS,5/1/2013,4/30/2018
43,Millhopper Shopping Center,0017,4325,KUTTERS,KUTTERS,4/2/2008,4/30/2018
187,Woodmen Plaza,0020,18713,ENT FEDERAL CREDIT UNION,ENT FEDERAL CREDIT UNION,4/23/2000,12/31/2017
93017,Willa Springs,0020,19020,WILLA CLEANERS,WILLA CLEANERS,4/1/1991,3/31/2018
60268,Westchase,210,6026813,DASH CLEANERS,DASH CLEANERS,3/23/1998,3/31/2018
754,Shops at County Center,020,754001,NARANJO JEWELERS,NARANJO JEWELERS,10/1/2017,9/30/2018
6081003,Plaza Venezia - Phase II,225,6081046,CORONA CIGAR COMPANY,CORONA CIGAR COMPANY,2/7/2002,8/31/2018
90056,Colonial Square,11,9005629,SPORT CLIPS,SPORT CLIPS,5/24/2013,5/31/2018
90056,Colonial Square,13,9005614,THE UPS STORE,THE UPS STORE,9/7/1999,10/31/2018
90033,Riverside Sq & River's Edge,14,9003336,SLEEPY'S LLC,SLEEPY'S - THE MATTRESS PROFES,5/4/2014,11/30/2018
90033,Riverside Sq & River's Edge,17,9003317,MIAMI OPTICAL,MIAMI OPTICAL,8/1/1991,7/31/2018
90020,Applewood Shopping Ctr,18,9002017,APPLEJACK LIQUORS,APPLEJACK LIQUORS,4/16/2003,6/30/2018
90020,Applewood Shopping Ctr,19,9002018,APPLEJACK LIQUORS,APPLEJACK LIQUORS,1/1/1998,6/30/2018
60646,Hilltop Village,0118,59419,H&R BLOCK,H & R BLOCK,9/1/2004,4/30/2018
90021,Cherrywood Square Shop Ctr,D0006,9002137,THE JOINT...THE CHIROPRACTIC PLACE,THE JOINT,11/18/2013,11/30/2018
90034,Roscoe Square,3324,9003404,ULTIMATE EXPOSURE,ULTIMATE EXPOSURE,5/23/2003,11/30/2018
90034,Roscoe Square,3326,9003419,WINGSTOP,WINGSTOP,8/3/2008,8/31/2018
90034,Roscoe Square,3336B,9003410,GNC,GNC,5/22/2001,5/31/2018
90034,Roscoe Square,3338,9003427,FANNIE MAY,FANNIE MAY CANDIES,1/13/2013,12/31/2017
90034,Roscoe Square,3344,9003429,SLEEPY'S LLC,SLEEPY'S - THE MATTRESS PROFES,5/4/2014,11/30/2018
90057,Rockford Road Plaza,119,9005733,INDIA PALACE OF PLYMOUTH,INDIA PALACE OF PLYMOUTH,3/16/2008,3/31/2018
60031,Falcon,124,6003107,THE UPS STORE,THE UPS STORE,10/15/2007,12/31/2017
520,Lloyd King Center,0102,52008,GNC,GNC,6/12/1998,6/30/2018
60267,Naples Walk,0102,6026702,SUPER WOK,SUPER WOK,12/1/2002,2/28/2018
93017,Willa Springs,0021B,19033,PANERA BREAD,PANERA BREAD,7/30/2003,7/31/2018
93017,Willa Springs,0023A,9301707,BLISS KIWI,BLISS KIWI,3/1/2013,2/28/2018
235,Shoppes of Grande Oak,0106,23514,GRANDE OAKS LIQUOR,GRANDE OAKS LIQUOR,2/8/2003,2/28/2018
60267,Naples Walk,0106,6026742,LIBERTY TAX SERVICE,LIBERTY TAX SERVICE,8/1/2012,4/30/2018
6081002,Plaza Venezia - Phase I,7524,6081005,SCOTTRADE,SCOTTRADE,1/13/2010,6/11/2018
6081002,Plaza Venezia - Phase I,7536,6081007,SOUTH BEACH TAN,SOUTH BEACH TAN,3/1/2013,4/30/2018
6081002,Plaza Venezia - Phase I,7556,6081010,NIGHT LITE PEDIATRIC CENTER,NIGHT LITE PEDIATRIC CENTER,2/25/2011,8/31/2018
6081002,Plaza Venezia - Phase I,7608,6081019,STATE FARM,STATE FARM INSURANCE COMPANY,7/8/2013,9/2/2018
6081003,Plaza Venezia - Phase II,211,6081041,E-PRO DIRECT,E-PRO DIRECT,6/23/2009,8/31/2018
60646,Hilltop Village,0303,6064603,EASTON BRAZILIAN JIU-JITSU THORNTON,EASTON BRAZILIAN JIU-JITSU THO,10/12/2015,10/31/2018
6081003,Plaza Venezia - Phase II,7726,6081027,REGAL REALTY,REGAL REALTY,10/8/2012,11/7/2018
235,Shoppes of Grande Oak,0304,23525,GNC,GNC,7/2/2013,7/31/2018
6081003,Plaza Venezia - Phase II,7792,6081035,CORONA CIGAR COMPANY,CORONA CIGAR COMPANY,2/7/2002,8/31/2018
18,Regency Square,2416,1813,LENSCRAFTERS,LENSCRAFTERS,8/1/1989,9/30/2018
18,Regency Square,2444,1844,FRONTIER COMMUNICATIONS,FRONTIER COMMUNICATIONS,9/1/1992,7/31/2018
18,Regency Square,2454,1808,FAMILY CHRISTIAN BOOKSTORE,FAMILY CHRISTIAN BOOKSTORE,10/9/1995,6/30/2018
18,Regency Square,2464,18017,TUESDAY MORNING,TUESDAY MORNING,11/13/2012,1/31/2018
18,Regency Square,2468,18025,GREAT EXPRESSIONS DENTAL,GREAT EXPRESSIONS DENTAL,9/1/2013,8/31/2018
18,Regency Square,2482,18033,BATH FITTER,BATH FITTER,10/31/2015,10/31/2018
18,Regency Square,2486,1807,HO HO'S CHINESE RESTAURANT,HO HO'S CHINESE RESTAURANT,4/1/1986,1/31/2018
18,Regency Square,2488,1872,HOBBYTOWN USA,HOBBYTOWN USA,7/3/2000,5/31/2018
18,Regency Square,2564A,18037,MICHAEL'S (SUB: BEALL'S OUTLET),MICHAEL'S (SUB:BEALL'S OUTLET),1/1/2017,11/30/2018
93017,Willa Springs,0004A,19035,ADVANCED DENTAL CARE,ADVANCED DENTAL CARE,10/1/2003,9/30/2018
51,Berkshire Commons,7079,5133,GREAT CLIPS,GREAT CLIPS,4/29/2003,4/30/2018
51,Berkshire Commons,7087,5140,NAPLES PIZZA,NAPLES PIZZA,4/14/2008,4/30/2018
112,Marketplace Shopping Center,6806,11248,SUN COUNTRY CLEANERS,SUN COUNTRY CLEANERS,12/1/2003,11/30/2018
112,Marketplace Shopping Center,6816,11244,CHINA KING,CHINA KING,6/27/2003,6/30/2018
112,Marketplace Shopping Center,6848,11275,MAX MUSCLE,MAX MUSCLE,6/1/2013,5/31/2018
112,Marketplace Shopping Center,6954,11217,KATHLEEN M MATTEA,MADAME KATHLEEN'S,11/1/1995,10/31/2018
112,Marketplace Shopping Center,6974,11273,BRIGHTWAY INSURANCE,BRIGHTWAY INSURANCE,7/31/2012,7/31/2018
150,Bloomingdale Square,0415,15093,BURGERMONGER,BURGERMONGER,11/7/2013,11/30/2018
150,Bloomingdale Square,0503,15090,TITLE BOXING CLUB,TITLE BOXING CLUB,1/23/2013,1/31/2018
150,Bloomingdale Square,1015,15083,SPORT CLIPS,SPORT CLIPS,10/10/2008,10/31/2018
150,Bloomingdale Square,1025,15091,AMSCOT,AMSCOT,8/23/2013,8/31/2018
150,Bloomingdale Square,1031,15040,LING EXPRESS,LING EXPRESS,5/2/1998,9/30/2018
187,Woodmen Plaza,0012G,18732,ENTERPRISE RENT - A - CAR,ENTERPRISE RENT-A-CAR,7/1/2013,6/30/2018
60266,Northgate Square,103,6026618,MATTRESS ONE,MATTRESS ONE,2/17/2013,2/28/2018
213,Town Square,0003C,21329,USF HEALTHY LIVING CENTER,USF HEALTHY LIVING CENTER,7/9/2013,7/31/2018
236,Westchester Commons,007,23666,VIBRANT CREDIT UNION,VIBRANT CREDIT UNION,9/14/2011,2/28/2018
236,Westchester Commons,025,23627,"WESTBROOK OPEN MRI, INC.","WESTBROOK OPEN MRI, INC.",1/1/2000,3/31/2018
236,Westchester Commons,030,23655,ALLSTATE INSURANCE CO,ALLSTATE INSURANCE,7/25/2006,7/31/2018
60635,Applewood Village Shops,C,6063503,GREAT CLIPS,GREAT CLIPS,7/14/1996,7/31/2018
405,Crossroads Commons,4AA,40530,ONLY NATURAL PET STORE,ONLY NATURAL PET STORE,8/15/2008,8/31/2018
408,Palm Valley Marketplace,A08,40846,AAA,AAA,6/1/2013,5/31/2018
580,Marketplace at Briargate,2150,58022,VERIZON WIRELESS,VERIZON WIRELESS,8/1/2013,9/30/2018
580,Marketplace at Briargate,2170,58012,SUPERCUTS # 90255,SUPERCUTS,12/6/2007,12/31/2017
580,Marketplace at Briargate,3140,58023,MAIL XPRESS,MAIL XPRESS,11/15/2013,11/30/2018
580,Marketplace at Briargate,5160,58016,THOAI PHAM NAIL SALON,THOAI PHAM NAIL SALON,5/31/2008,5/31/2018
592,Belleview Square,000D2,59233,SPAVIA GREENWOOD VILLAGE,SPAVIA GREENWOOD VILLAGE,12/23/2007,6/30/2018
592,Belleview Square,000F1,59219,JAMBA JUICE,JAMBA JUICE,4/28/2003,6/30/2018
592,Belleview Square,00C7,59206,STARBUCKS,STARBUCKS,9/1/1993,8/31/2018
619,Boulevard Center,1685A,61904,JAMBA JUICE,JAMBA JUICE,5/1/1998,4/30/2018
619,Boulevard Center,1685E,61961,BELLA TAILORS,BELLA TAILORS,10/25/2008,10/31/2018
619,Boulevard Center,1685F,61947,PARIS NAILS,PARIS NAILS,10/1/2003,9/30/2018
619,Boulevard Center,1685I,61912,RUNNER'S ROOST,RUNNER'S ROOST,2/15/1996,6/30/2018
619,Boulevard Center,1685J,61912,RUNNER'S ROOST,RUNNER'S ROOST,2/15/1996,6/30/2018
619,Boulevard Center,1685P,61977,BENTLEY'S CORNER BARKERY,BENTLEY'S CORNER (VAC: 7/1/17),2/1/2013,1/31/2018
619,Boulevard Center,1685S,61922,THE UPS STORE,THE UPS STORE,10/1/1998,9/30/2018
619,Boulevard Center,M1,61978,EMPIRE LYRIC PLAYERS,EMPIRE LYRIC PLAYERS,1/1/2013,12/31/2017
621,Buckley Square,A4B,62104,DAVID W. LASSEN,BUCKLEY SQ VETERINARY CLINIC,12/1/1998,11/30/2018
621,Buckley Square,F8,62120,COST CUTTERS  #62153,COST CUTTERS,7/21/1992,5/31/2018
60646,Hilltop Village,0200,9050106,VECTRA BANK,VECTRA BANK,8/15/2007,8/31/2018
622,Littleton Square,202,62236,TIFFANY NAILS,TIFFANY NAILS,1/1/2008,12/31/2017
60266,Northgate Square,204,6026606,DR. RICHARD LENNON,DR. RICHARD LENNON,5/9/1995,5/31/2018
622,Littleton Square,205A,62236,TIFFANY NAILS,TIFFANY NAILS,1/1/2008,12/31/2017
90019,Arapahoe Village,330,9001927,COLD STONE CREAMERY #1442,COLD STONE CREAMERY,3/4/2008,3/31/2018
60031,Falcon,118,6003116,SPRINT PCS,SPRINT,6/19/2013,6/30/2018
60086,Shops at Quail Creek,A136,6008622,TOUJOURS BELLE SALON,TOUJOURS BELLE SALON,12/25/2012,12/31/2017
60086,Shops at Quail Creek,A142,6008624,KOKO FIT CLUB,KOKO FITCLUB,3/1/2013,2/28/2018
90019,Arapahoe Village,340,9001936,FARRELL'S EXTREME BODYSHAPING (FXB),FARRELL'S EXTREME BODYSHAPING,10/27/2013,10/31/2018
60265,Corkscrew Village,460,6026518,RISTORANTE FARFALLA,RISTORANTE FARFALLA,1/9/1998,12/31/2017
90019,Arapahoe Village,165,9001929,PLATO'S CLOSET,PLATO'S CLOSET,10/6/2008,10/31/2018
60267,Naples Walk,2210,6026733,JEWISH FEDERATION OF COLLIER COUNTY,JEWISH FEDERATION OF COLLIER C,3/1/2008,2/28/2018
622,Littleton Square,205,62238,"AMIR FEREYDOUNI, DMD","AMIR R. FEREYDOUNI, DMD",12/1/2008,11/30/2018
6081003,Plaza Venezia - Phase II,209,6081039,365 REALTY,365 REALTY,2/16/2015,2/15/2018
622,Littleton Square,209,62244,H&R BLOCK,H & R BLOCK,8/1/2013,4/30/2018
60268,Westchase,213,6026825,TAMPA GENERAL HOSPITAL,TAMPA GENERAL HOSPITAL,10/10/2013,10/31/2018
6081003,Plaza Venezia - Phase II,213,6081043,REINON SKIN,REINON SKIN,2/20/2013,4/19/2018
622,Littleton Square,301,62217,STARBUCKS,STARBUCKS,8/3/1997,8/31/2018
60525,Willow Festival,0018B,6052534,NORTH SHORE BEDDING,NORTH SHORE BEDDING,3/26/2013,3/31/2018
60571,Rockridge Center,224,6057117,FANTASTIC SAMS,FANTASTIC SAMS,4/16/2007,3/31/2018
60646,Hilltop Village,0318,59406,GREAT CLIPS,GREAT CLIPS,12/1/2003,11/30/2018
408,Palm Valley Marketplace,B04,40812,JDR BUSINESS SERVICES L.L.C.,THE UPS STORE,9/1/1997,8/31/2018
60806,Seminole Shoppes,630-6,6036707,AT&T,AT&T,11/22/2010,2/28/2018
621,Buckley Square,A1,62134,STARBUCKS,STARBUCKS,5/6/2003,5/31/2018
60722,Clybourn Commons,0125,6072206,SPRINT NEXTEL,SPRINT,6/6/2002,6/30/2018
621,Buckley Square,C3,62115,BUCKLEY SQUARE LIQUORS,BUCKLEY SQUARE LIQUORS,6/24/1993,6/30/2018
92060,Shoppes of Pebblebrooke,0005,19202,PEBBLEBROOK DENTISTRY,PEBBLEBROOKE DENTISTRY,3/15/2002,7/31/2018
93017,Willa Springs,0005,9301708,FLANAGAN'S,FLANAGAN'S,9/26/2013,9/30/2018
184,Stroh Ranch,0006,18424,PAPA MURPHY'S,PAPA MURPHY'S TAKE & BAKE,4/5/2013,4/30/2018
179,Ocala Corners,0350,17902,FOOT LOCKER,FOOT LOCKER,6/30/2012,6/30/2018
184,Stroh Ranch,0007,18425,BUTTERFIELD'S,BUTTERFIELD'S,6/6/2015,6/30/2018
186,Monument Jackson Creek,0007,18615,CORNERSTONE CLEANERS AND ALTERATIONS,CORNERSTONE CLEANERS AND ALTER,10/19/2008,10/31/2018
93017,Willa Springs,0007,19036,WILD BIRDS UNLIMITED,WILD BIRDS UNLIMITED,5/1/2004,4/30/2018
60267,Naples Walk,0406,6026744,CAPERS KITCHEN & BAR,CAPERS KITCHEN & BAR,1/1/2013,12/31/2017
150,Bloomingdale Square,0501,15043,DOLLAR TREE,DOLLAR TREE,2/10/2000,2/28/2018
93017,Willa Springs,0019,19019,SALON INXS,SALON INXS,12/1/1995,11/30/2018
60525,Willow Festival,0022,6052506,FANNIE MAY,FANNIE MAY CANDIES,12/22/2007,1/31/2018
93017,Willa Springs,0024,19039,ANNIE'S ALTERATIONS,ANNIE'S ALTERATIONS,2/18/2007,2/28/2018
60525,Willow Festival,0024,6052535,THE DAILEY METHOD,THE DAILEY METHOD,9/15/2013,9/30/2018
113,Village Center,0037,11390,WESTSHORE PIZZA,WESTSHORE PIZZA,8/18/2009,8/31/2018
621,Buckley Square,1000,62143,T-MOBILE,T-MOBILE CELL TOWER,9/27/2008,9/30/2018
60525,Willow Festival,0002,6052536,MAINSTREAM BOUTIQUE,MAINSTREAM BOUTIQUE,7/26/2013,7/31/2018
159,Hinsdale,0003,15956,REICHARDT CLEANERS,REICHARDT CLEANERS,11/1/2010,10/31/2018
20,Newberry Square,0003,20165,KUMON MATH & READING CENTER,KUMON MATH & READING CENTER,4/1/2015,3/31/2018
43,Millhopper Shopping Center,0003,4303,"FRONK PROPERTIES, INC.",BOOK GALLERY WEST,3/1/1993,2/28/2018
113,Village Center,0026,11320,TUESDAY MORNING,TUESDAY MORNING,8/1/1993,1/31/2018
113,Village Center,0046,11332,STEIN MART #058,STEIN MART,8/1/1993,7/31/2018
90035,Stonebrook Plaza Shop Ctr,15,9003514,TOBACCO CITY,TOBACCO CITY,11/1/1998,10/31/2018
405,Crossroads Commons,2E,40537,SPORT CLIPS,SPORT CLIPS,6/18/2013,6/30/2018
149,Sope Creek Crossing,0009,14944,ANGEL FOOT MASSAGE,ANGEL FOOT MASSAGE,10/30/2013,10/31/2018
93016,Shiloh Springs,0009,18109,SOUTHERN IMAGES PHOTOGRAPHY,SOUTHERN IMAGES PHOTOGRAPHY,3/24/1998,3/31/2018
222,Powers Ferry Square,0009,22258,FROLIC,FROLIC,3/6/2005,7/31/2018
632,San Leandro Plaza,C2,63205,SUBWAY,SUBWAY,6/16/1993,6/30/2018
412,Sweetwater Plaza,0010A,41210,P & L NAILS,P & L NAILS,9/14/2003,9/30/2018
93016,Shiloh Springs,0011,18110,GNC,GNC (SUB:KANWAL&SUNITADHILLON),3/20/1998,3/31/2018
200,Ashford Place,0011,20010,THE UPS STORE,THE UPS STORE,10/6/1993,10/31/2018
503,Northgate Plaza (Maxtown Road),0011,50312,ANDY'S FRAME SETTING,ANDY'S FRAME SETTING,1/21/1999,1/31/2018
155,Pike Creek,0014,15559,RAZZLEBERRY / FRAZBERRY,RAZZLEBERRY / FRAZBERRY,9/10/2011,9/30/2018
416,Clinton Park,0014,41635,ACTIVE PHYSICAL THERAPY SERVICES,ACTIVE PHYSICAL THERAPY SERVIC,10/12/2015,10/31/2018
589,East Washington Place,0014,58923,VERIZON WIRELESS,VERIZON WIRELESS,10/27/2013,10/31/2018
93010,Alden Bridge,0014,59614,L'AVANTAGE,L'AVANTAGE SALON,5/9/1998,5/31/2018
598,Panther Creek,0014,59814,MARTA'S,MARTA'S,3/1/2001,2/28/2018
155,Pike Creek,0016,15544,SUBWAY,SUBWAY,5/20/2003,5/31/2018
197,Northlake Village,0016,19712,SPRINGLEAF FINANCE SERVICES,SPRINGLEAF FINANCE SERVICES,6/1/1994,7/31/2018
421,Shorewood Crossing,0016,42123,MC WIRELESS,MC WIRELESS,11/30/2013,11/30/2018
539,Powell Street Plaza,0016,53915,WELLS FARGO BANK BE 199962,WELLS FARGO BANK,5/22/1995,7/31/2018
412,Sweetwater Plaza,0016,54212,MAGPIES ON SWEETWATER,MAGPIES ON SWEETWATER,5/2/1998,5/31/2018
589,East Washington Place,0016,58925,H&R BLOCK,H & R BLOCK,10/21/2013,4/30/2018
60644,Preston Oaks,1010,6064408,PIER 1 IMPORTS,PIER 1 IMPORTS,10/3/2003,2/28/2018
60644,Preston Oaks,1014,6064411,MARCO'S PIZZA,MARCO'S PIZZA,11/1/1992,1/31/2018
60030,Augusta Center,104,6003005,GREAT CLIPS,GREAT CLIPS,4/27/2008,4/30/2018
589,East Washington Place,0028,58905,SIFT CUPCAKE & DESSERT BAR,SIFT CUPCAKE & DESSERT BAR,10/23/2013,10/31/2018
6073802,Broadway Market - Residential,401,6073868,PATRICIA DRUMMOND,PATRICIA DRUMMOND,12/1/2016,2/28/2018
618,Pima Crossing,401,61862,BEHIND THE MASK HOCKEY SUPERSTORE,BEHIND THE MASK HOCKEY SUPERST,11/1/2010,10/31/2018
6073802,Broadway Market - Residential,402,6073832,SUZANNE SAX,SUZANNE SAX,10/1/2010,6/30/2018
6073802,Broadway Market - Residential,403,6073874,GREGORY RENIERE AND REX MORGAN,GREGORY RENIERE AND REX MORGAN,3/21/2017,8/31/2018
60603,Southpark at Cinco Ranch,406,6060317,CUPCAKES ETCETERA,CUPCAKES ETCETERA,4/1/2013,3/31/2018
620,South Lowry Square,406,62019,FANTASTIC SAMS,FANTASTIC SAMS,2/11/1993,8/31/2018
60603,Southpark at Cinco Ranch,408,6060315,POSTAL PLUS COPY CENTER,POSTAL PLUS COPY CENTER,1/23/2013,1/31/2018
620,South Lowry Square,408,62049,FRED LOYA INSURANCE AGENCY,FRED LOYA INSURANCE AGENCY,7/30/2008,7/31/2018
6073802,Broadway Market - Residential,203,6073861,ABIGAIL SCHACHTER-RISHI SEKAR,ABIGAIL SCHACHTER- RISHI SEKAR,5/28/2016,5/31/2018
222,Powers Ferry Square,0036,22256,BUCKHEAD CLEANERS,BUCKHEAD CLEANERS,7/1/2004,8/31/2018
414,Village Center at Dulles,0036,41435,MCDONALD'S CORPORATION #2371,MCDONALDS,4/24/1993,4/23/2018
589,East Washington Place,0036,58922,YOGURTLAND,YOGURTLAND,10/22/2013,10/31/2018
141,Hyde Park,0006A,14134,H&R BLOCK,H & R BLOCK,4/1/1994,4/30/2018
141,Hyde Park,0052,141107,CITY GEAR,CITY GEAR,12/6/2010,12/31/2017
60024,Westwood Village,0207,6002429,SMOOTHIE KING,SMOOTHIE KING,6/1/2009,7/31/2018
60704,Brick Walk II - Bldg 6,45,6070403,"CHRISTOPHER J. MASTINO, MD LLC","CHRISTOPHER J. MASTINO, MD",8/7/2011,7/31/2018
60704,Brick Walk II - Bldg 6,46,6070404,SMITH & DEITZ LLC,"SMITH & DEITZ, MD",1/1/2013,12/31/2017
60704,Brick Walk II - Bldg 6,49,6070406,DAVID ISRAEL,DAVID ISRAEL,5/1/2008,5/31/2018
60538,Regency Solar (Saugus),01,6053801,SAUGUS - TRADER JOES,SAUGUS - TRADER JOE'S,12/9/2011,9/30/2018
60707,Brick Walk V - Bldgs 1 and 2,01,6070701,SPRINT,SPRINT,8/1/2013,7/31/2018
491,Plantation Plaza,0104,49122,LEVINE ORTHODONTICS,LEVINE ORTHODONTICS,3/21/2013,3/31/2018
60142,Canopy Oak Center,0104,6014217,RAYMOND JAMES,RAYMOND JAMES,4/5/2013,6/30/2018
60051,Buckwalter Place Shopping Ctr,0105,6005105,BRELAND'S LIQUORS TOO,BRELAND'S LIQUORS TOO,8/12/2008,8/31/2018
402,Cascade Plaza,I001,68419,"WEIGHT WATCHERS OF NORTH AMERICA, INC.",WEIGHT WATCHERS,3/15/1994,6/30/2018
60051,Buckwalter Place Shopping Ctr,0107,6005106,HONG KONG,HONG KONG,9/11/2008,9/30/2018
60142,Canopy Oak Center,0108,6014204,NJ NAILS & SPA,NJ NAILS & SPA,9/23/2008,9/30/2018
176,El Cerrito Plaza,I002,697128,TRADER JOE'S COMPANY,TRADER JOE'S,5/3/2003,6/30/2018
60030,Augusta Center,102,6003001,MATTRESS FIRM,MATTRESS FIRM,10/12/2007,10/31/2018
60142,Canopy Oak Center,0109,6014210,COLE FAN AND LIGHT,COLE FAN AND LIGHT,12/12/2008,4/30/2018
635,Diablo Plaza,0109,63571,CHADA THAI,CHADA THAI,8/1/2013,7/31/2018
501,Cherry Grove,0025,50129,SMOOTHIE KING,SMOOTHIE KING,12/15/2002,12/31/2017
60020,State Street Crossing,120,6002010,LITTLE CAESAR'S PIZZA,LITTLE CAESAR'S PIZZA,3/15/2013,3/31/2018
613,Market at Preston Forest,130,61305,L'OPTIQUE,L'OPTIQUE,10/1/1992,10/31/2018
620,South Lowry Square,140,62054,WASHWAY LAUNDRY,WASHWAY LAUNDRY,10/1/2011,9/30/2018
60115,Corvallis Market Center,150,6011501,MICHAEL'S,MICHAEL'S,4/19/2008,4/30/2018
613,Market at Preston Forest,150,61323,MASSAGE ENVY SPA,MASSAGE ENVY,3/1/2013,2/28/2018
635,Diablo Plaza,0310,63573,9ROUND - 30 MIN KICKBOX FITNESS,9ROUND-30 MIN KICKBOX FITNESS,11/25/2013,11/30/2018
523,Lebanon/Legacy Center,0330,52304,STEPHEN CLEANERS,STEPHEN'S CLEANERS,8/1/2003,7/31/2018
60557,Grand Ridge Plaza,0330,6055725,GNC,GNC,11/22/2013,11/30/2018
90037,Willow Lake Shopping Ctr,02,9003702,BRAVO ITALIAN,BRAVO ITALIAN,10/1/1997,1/31/2018
90013,Mariposa Shopping Center,03,9001325,SUMIYA,SUMIYA,9/1/2006,2/28/2018
90053,Takoma Park,03,9005303,CARIBBEAN SEA RESTAURANT,CARIBBEAN SEA RESTAURANT,12/1/1995,12/31/2017
60712,Fairfield Center,04,6071204,BANANA REPUBLIC,BANANA REPUBLIC,5/22/2001,1/31/2018
90017,Ygnacio Plaza,04,9001741,FASHIONKNIT,FASHIONKNIT,10/1/2015,9/30/2018
90044,Valley Centre,04,9004404,GINZA JAPANESE STEAKHOUSE,GINZA JAPANESE STEAKHOUSE,2/1/2003,1/31/2018
90047,Cloppers Mill Village Shop Ctr,04,9004734,A PLUS TAEKWONDO,A PLUS TAEKWONDO,8/14/2013,8/31/2018
60707,Brick Walk V - Bldgs 1 and 2,05,6070705,KERIN AND FAZIO,KERIN AND FAZIO,8/1/2012,6/30/2018
60708,Black Rock I  2187-2285,05,6070803,THE CLUBHOUSE,THE CLUBHOUSE,11/1/2009,4/30/2018
60712,Fairfield Center,05,6071205,WELLS FARGO,WELLS FARGO BANK,6/1/2005,5/31/2018
90012,Bayhill Shopping Center,05,9001231,WEIGHT WATCHERS,WEIGHT WATCHERS,1/12/2002,1/31/2018
90023,Corbin's Corner,05,9002304,D'ANGELOS,D'ANGELOS,9/15/1998,9/30/2018
90024,Spring Valley Shopping Ctr,05,9002409,TARA THAI,TARA THAI,7/1/2008,6/30/2018
90027,Shoppes of Graylyn,05,9002705,GRAYLYN CLEANERS,GRAYLYN CLEANERS,12/6/1999,12/31/2017
60712,Fairfield Center,06,6071206,CHICO'S,CHICO'S,4/27/2001,4/30/2018
90027,Shoppes of Graylyn,06,9002724,BON HOUSE ASIAN GRILL AND SUSHI BAR,BON HOUSE ASIAN GRILL AND SUSH,8/13/2013,8/31/2018
90012,Bayhill Shopping Center,07,9001207,CAFE GILLADES,CAFE GILLADES,12/22/2000,4/30/2018
90013,Mariposa Shopping Center,07,9001306,THE WATERSPRING STORE,THE WATERSPRING STORE,11/11/2002,11/30/2018
90032,McHenry Commons Shop Ctr,07,9003218,CRYSTAL NAILS,CRYSTAL NAILS,5/1/2008,4/30/2018
90053,Takoma Park,07,9005323,LIBERTY TAX SERVICE,LIBERTY TAX SERVICE,12/22/2007,4/30/2018
60707,Brick Walk V - Bldgs 1 and 2,08,6070718,JEREMY M CORNFELDT,JEREMY M CORNFELDT,1/1/2017,12/31/2017
90013,Mariposa Shopping Center,08,9001307,BEAUTY NAILS,BEAUTY NAILS,3/24/2003,3/31/2018
90016,Snell & Branham Plaza,09,9001609,BASKIN ROBBINS,BASKIN ROBBINS,3/25/2003,8/31/2018
90054,Watkins Park Plaza,09,9005435,COSMEDICA,COSMEDICA,7/18/2012,7/31/2018
90060,Plaza Square,09,9006010,SAM'S BAGEL AND DELI,SAM'S BAGEL AND DELI,6/1/1993,5/31/2018
90032,McHenry Commons Shop Ctr,10,9003215,SALLY BEAUTY SUPPLY,SALLY BEAUTY SUPPLY,2/4/2008,2/28/2018
90038,Willow Lake West Shop Ctr,10,9003810,AT&T MOBILITY,AT&T MOBILITY,1/15/2001,1/31/2018
581,Signature Plaza,0220,58104,THE UPS STORE,THE UPS STORE,1/13/2005,1/31/2018
60066,Hickory Creek Plaza,0145,6006617,QWIK PAK & SHIP,QWIK PAK & SHIP,5/1/2013,4/30/2018
60629,Sandy Springs,0145,6062917,SCOTTRADE,SCOTTRADE,2/1/2007,2/28/2018
92059,Lynn Haven,0160,24003,"SUPERCUTS, INC.",SUPERCUTS,1/18/2003,1/31/2018
581,Signature Plaza,0160,58127,GOLDEN MASSAGE & SPA,GOLDEN MASSAGE & SPA,10/1/2013,9/30/2018
92059,Lynn Haven,0170,24005,FIREHOUSE SUBS,FIREHOUSE SUBS,2/20/2003,2/28/2018
93010,Alden Bridge,0020,59620,THE SHIPPING STORE,THE SHIPPING STORE,5/4/1998,5/31/2018
675,Keller Town Center,E107,67538,LUCKY FOOT SPA,LUCKY FOOT SPA,1/22/2013,1/31/2018
60024,Westwood Village,0505,6002437,SERENITY DENTAL CARE,SERENITY DENTAL CARE,1/16/2011,1/31/2018
60115,Corvallis Market Center,210,6011505,MATTRESS FIRM,MATTRESS FIRM,5/23/2008,5/31/2018
6073802,Broadway Market - Residential,210,6073869,JACKSON TAN,JACKSON TAN,1/20/2017,1/31/2018
93012,Blossom Valley,210,62535,JOHN WARNOCK,JOHN WARNOCK,2/18/2004,3/31/2018
615,Market at Round Rock,215,61552,MERLE NORMAN COSMETICS,MERLE NORMAN,3/1/2008,3/31/2018
665,Hancock,215,66554,INSPIREXOXO,INSPIREXOXO,6/1/2013,5/31/2018
60748,Garden City Park,220,6074805,PAINT NAILS SPA,PAINT NAILS SPA,1/1/2015,12/31/2017
60748,Garden City Park,225,6074806,DAVI'S BARBER SHOP CORP,DAVI'S BARBER SHOP,2/1/2008,1/31/2018
665,Hancock,240,66506,GNC,GNC (SUB: FRESCO INVESTMENTS),5/18/1998,5/31/2018
665,Hancock,250,66507,SUPERCUTS,"SUPERCUTS(SUB:RAINBOW GRP,LTD)",5/19/1998,5/31/2018
60644,Preston Oaks,1003,6064403,PEARLE VISION CENTER,PEARLE VISION,4/19/2008,4/30/2018
662,Murrayhill Marketplace,270,66207,STATE FARM INSURANCE,STATE FARM INSURANCE,9/1/1993,10/31/2018
662,Murrayhill Marketplace,280,66293,MR. GRAHAM HICKS,MR. GRAHAM HICKS,11/1/2005,10/31/2018
60707,Brick Walk V - Bldgs 1 and 2,11,6070711,POST CLEANERS,POST CLEANERS,7/1/2007,6/30/2018
90016,Snell & Branham Plaza,11,9001611,BRANHAM DENTAL CARE,BRANHAM DENTAL CARE,10/10/1994,1/31/2018
90038,Willow Lake West Shop Ctr,11,9003822,PITA PIT,PITA PIT,10/1/2012,5/31/2018
90055,Woodmoor Shopping Ctr,11,9005530,WOODMOOR CLEANERS,WOODMOOR CLEANERS,7/1/1993,6/30/2018
90063,Allen Street Shopping Ctr,11,9006309,D&M NAILS,D & M NAILS,10/14/2003,10/31/2018
90032,McHenry Commons Shop Ctr,12,9003222,CHINATOWN RESTAURANT,CHINATOWN RESTAURANT,5/1/2013,6/30/2018
90040,Festival at Woodholme,12,9004012,AT&T WIRELESS,AT&T,1/19/1999,7/31/2018
90016,Snell & Branham Plaza,13,9001613,GREAT CLIPS,GREAT CLIPS,5/31/2003,6/30/2018
90017,Ygnacio Plaza,13,9001735,KINDER'S MEATS * DELI * BBQ,KINDER'S MEATS * DELI * BBQ,2/1/2008,1/31/2018
90055,Woodmoor Shopping Ctr,14,9005533,THE WATCH POCKET,THE WATCH POCKET,1/21/2000,11/30/2018
90060,Plaza Square,14,9006020,NI'S UMI SUSHI AND HIBACHI RESTAURANT,NI'S UMI SUSHI & HIBACHI REST.,2/8/2013,7/31/2018
90032,McHenry Commons Shop Ctr,17,9003221,"SUSHI KING, INC","SUSHI KING, INC",5/25/2013,5/31/2018
90013,Mariposa Shopping Center,18,9001315,SALLY BEAUTY SUPPLY,SALLY BEAUTY SUPPLY,4/5/1998,4/30/2018
90037,Willow Lake Shopping Ctr,18,9003738,ELITE NAILS,ELITE NAILS,2/1/2013,1/31/2018
60706,Brick Walk IV - Bldg 3,19,6070616,MICHAEL AND CHRISTINE SENOSKI,MICHAEL AND CHRISTINE SENOSKI,5/1/2017,4/30/2018
90043,Southside Marketplace,19,9004343,SPRINT,SPRINT,10/30/2013,10/31/2018
60706,Brick Walk IV - Bldg 3,21,6070615,JESSICA L. FIEBER,JESSICA L. FIEBER,7/16/2016,7/31/2018
60706,Brick Walk IV - Bldg 3,23,6070604,NINETTE SILVER,NINETTE SILVER,8/15/2011,8/31/2018
90012,Bayhill Shopping Center,23,9001223,STATE FARM INSURANCE,STATE FARM INSURANCE,10/1/1993,9/30/2018
90023,Corbin's Corner,23,9002326,ORANGE NAILS & SPA,ORANGE NAILS & SPA,1/1/2008,12/31/2017
90043,Southside Marketplace,23,9004319,H&R BLOCK,H & R BLOCK,9/14/2004,4/30/2018
90044,Valley Centre,23,9004422,BEAUTY ISLAND,BEAUTY ISLAND,11/1/2002,4/30/2018
90042,Parkville Shopping Center,26,9004222,PARKVILLE LANES,PARKVILLE LANES,11/3/1973,8/31/2018
90055,Woodmoor Shopping Ctr,26,9005588,THE MORENO LAW FIRM,THE MORENO LAW FIRM,7/1/2013,8/31/2018
90013,Mariposa Shopping Center,16,9001323,STYLES FOR LESS,STYLES FOR LESS,7/18/2005,6/30/2018
90017,Ygnacio Plaza,16,9001716,MOUNTAIN MIKE'S PIZZA,MOUNTAIN MIKE'S PIZZA,8/29/1998,8/28/2018
60706,Brick Walk IV - Bldg 3,22,6070607,ELIZABETH RENZULLI,ELIZABETH RENZULLI,7/1/2013,6/30/2018
90013,Mariposa Shopping Center,22,9001319,TACO BELL,TACO BELL,5/23/1990,12/31/2017
90017,Ygnacio Plaza,22,9001722,SUBWAY,SUBWAY,8/3/1998,8/31/2018
90053,Takoma Park,05A,9005327,WIRELESS VISION,WIRELESS VISION,1/12/2013,1/31/2018
90042,Parkville Shopping Center,33,9004245,LITTLE CAESARS PIZZA,LITTLE CAESAR'S PIZZA,9/27/2013,9/30/2018
177,Howell Mill Village,0014B,17708,COLLIER WELLNESS SPA,COLLIER WELLNESS SPA,4/15/2012,4/30/2018
90012,Bayhill Shopping Center,25,9001242,OLD REPUBLIC TITLE COMPANY,OLD REPUBLIC TITLE COMPANY,2/29/2012,2/28/2018
90055,Woodmoor Shopping Ctr,25,9005554,"ALTAVISTA COMMUNICATIONS GROUP, LLC",ALTAVISTA COMMUNICATIONS GROUP,11/16/2007,8/31/2018
90055,Woodmoor Shopping Ctr,38,9005565,ANAMAYA WELLNESS,ANAMAYA WELLNESS,2/1/2010,8/31/2018
90055,Woodmoor Shopping Ctr,40,9005596,RIVAS INCOME TAX SERVICES,RIVAS INCOME TAX SERVICES,12/1/2014,11/30/2018
90017,Ygnacio Plaza,14A,9001742,GNC,GNC,2/1/2016,12/31/2017
523,Lebanon/Legacy Center,0118,52356,ORANGE LEAF FROZEN YOGURT,ORANGE LEAF FROZEN YOGURT,6/8/2013,6/30/2018
60115,Corvallis Market Center,200,6011507,PATINI PASTARIA,PASTINI PASTARIA,9/28/2008,9/30/2018
589,East Washington Place,PARK2,58930,CCH,CCH,11/1/2014,10/31/2018
60020,State Street Crossing,113,6002002,ELITE NAILS,ELITE NAILS,6/1/2008,5/31/2018
60020,State Street Crossing,122,6002012,"THRIVE! WELLNESS CENTER, PC","THRIVE! WELLNESS CENTER, PC",6/19/2013,6/30/2018
60115,Corvallis Market Center,170,6011504,DRESS BARN,DRESS BARN,3/27/2008,6/30/2018
60051,Buckwalter Place Shopping Ctr,0103,6005102,ALLURE NAILS,ALLURE NAILS,8/12/2008,8/31/2018
224,Peartree Village,0004B,22410,NEIGHBORMD URGENT CARE,NEIGHBORMD URGENT CARE,8/9/2011,8/31/2018
141,Hyde Park,0023A,141126,HUFF REALTY,HUFF REALTY,6/15/2015,6/30/2018
60051,Buckwalter Place Shopping Ctr,0106,6005104,GREAT CLIPS,GREAT CLIPS,9/28/2008,9/30/2018
60024,Westwood Village,0301,6002410,AT&T WIRELESS,AT&T,5/1/2008,4/30/2018
6073802,Broadway Market - Residential,208,6073872,CORBIN SOUFFRANT AND SHUYIN LI,CORBIN SOUFFRANT AND SHUYIN LI,4/1/2017,9/30/2018
6073802,Broadway Market - Residential,211,6073858,ABBAS GUVENILIR-MATTHEW RUNG,ABBAS GUVENILIR-MATTHEW RUNG,3/15/2016,3/31/2018
6073802,Broadway Market - Residential,212,6073819,SEBASTIAN M. JARA,SEBASTIAN M. JARA,5/1/2014,6/30/2018
774,Stonewall,0305,77429,GNC,GNC,9/5/2012,8/31/2018
90007,Auburn Village,2326,9000727,STYLES FOR LESS,STYLES FOR LESS,11/1/2004,6/30/2018
60024,Westwood Village,0307,6002445,PIGTAILS & CREWCUTS,PIGTAILS & CREWCUTS,2/10/2013,2/28/2018
523,Lebanon/Legacy Center,0400,52324,STARBUCKS,STARBUCKS,9/26/2003,9/30/2018
523,Lebanon/Legacy Center,0500,52307,BANK OF AMERICA,BANK OF AMERICA,6/1/2003,5/31/2018
60024,Westwood Village,0600,6002402,PETSMART,PETSMART,6/28/2008,6/30/2018
70,Russell Ridge,0201,7017,PIZZA HUT,PIZZA HUT,4/10/1995,4/30/2018
161,Prestonbrook,0004A,16130,EYE LEVEL MATH & READING CENTER,EYE LEVEL MATH & READING CENTE,9/25/2013,9/30/2018
202,Briarcliff La Vista,0004A,20209,MOE'S SOUTHWEST GRILL,MOE'S SOUTHWEST GRILL,8/27/2003,9/30/2018
203,Briarcliff Village,0017A,20320,NAIL STAR,NAIL STAR,9/1/1995,8/31/2018
141,Hyde Park,0039,14198,KIDS KUTS HAIR SALON,KIDS KUTS HAIR SALON,1/1/2008,12/31/2017
70,Russell Ridge,0503,7006,STATE FARM INSURANCE,STATE FARM INSURANCE,8/1/1995,12/31/2017
60020,State Street Crossing,103,6002005,OSCAR'S SPORTS & GRILL,OSCAR'S SPORTS & GRILL,7/1/2008,6/30/2018
6078908,Clarendon III,103,6078936,LA TASCA,LA TASCA,1/11/2004,3/31/2018
60644,Preston Oaks,1006,6064406,I HEART YOGURT,I HEART YOGURT,9/30/2008,9/30/2018
502,East Pointe,0003C,50203,CALLANDER CLEANERS,CALLANDER CLEANERS,4/16/1993,4/30/2018
90055,Woodmoor Shopping Ctr,31,9005595,ABLES HOME HEALTHCARE,ABLES HOME HEALTHCARE,12/1/2014,8/31/2018
90055,Woodmoor Shopping Ctr,32,9005599,TAX GURU,TAX GURU,1/9/2017,1/31/2018
658,Sammamish-Highlands,600,65871,YOGURTLAND,YOGURTLAND,7/30/2013,7/31/2018
754,Shops at County Center,012,75424,DUMFRIES DENTAL ASSOCIATES,DUMFRIES DENTAL ASSOCIATES,2/8/2008,2/28/2018
754,Shops at County Center,017,75427,CONFECTIONS CUPCAKES,CONFECTIONS CUPCAKES,12/1/2011,4/30/2018
754,Shops at County Center,024,75418,MAX MUSCLE,MAX MUSCLE,7/5/2007,8/31/2018
60020,State Street Crossing,101,6002009,WHITE ARBOR BRIDAL,WHITE ARBOR BRIDAL,8/3/2012,12/31/2017
665,Hancock,300,66509,JACK IN THE BOX,JACK IN THE BOX,9/22/1998,9/21/2018
664,Sunnyside 205,500,66437,GOODSKIN DERMATOLOGY,GOODSKIN DERMATOLOGY,6/1/2013,5/31/2018
767,Culpeper Colonnade,500,76702,STAPLES,STAPLES,3/5/2007,3/31/2018
60603,Southpark at Cinco Ranch,420,6060314,MASSAGE ENVY,MASSAGE ENVY,2/13/2013,2/28/2018
416,Clinton Park,0100,41613,NAVY FEDERAL CREDIT UNION - ATM,NAVY FEDERAL CREDIT UNION -ATM,3/15/2003,3/31/2018
6073802,Broadway Market - Residential,202,6073810,JESSE MINKERT JOAN RABINOWITZ,JESSE MINKERT JOAN RABINOWITZ,4/7/2010,7/31/2018
620,South Lowry Square,202,62057,CIGARETTES AND MORE,CIGARETTES AND MORE,12/28/2012,12/31/2017
92059,Lynn Haven,0300,24006,HALLMARK,HALLMARK,1/20/2003,2/28/2018
523,Lebanon/Legacy Center,0300,52303,THE TAILOR OF TEXAS,THE TAILOR OF TEXAS,6/22/2003,6/30/2018
60737,Indian Springs Center,0300,55624,RADIANCE ADVANCED SKIN AND BODY CARE,RADIANCE ADVANCED SKIN AND BOD,4/15/2005,4/30/2018
6073802,Broadway Market - Residential,207,6073873,TROY WAGEMAN AND RUSSELL MARTIN,TROY WAGEMAN AND RUSSELL MARTI,3/30/2017,3/31/2018
615,Market at Round Rock,320,61542,POSTAL ANNEX,POSTAL ANNEX,3/25/2002,2/28/2018
501,Cherry Grove,0900,50142,FIFTH THIRD BANK ATM,FIFTH THIRD BANK ATM,4/11/2008,4/30/2018
6073802,Broadway Market - Residential,310,6073875,ERIN DAVID AND JEFFREY DAVID,ERIN DAVID AND JEFFREY DAVID,5/6/2017,5/31/2018
60020,State Street Crossing,121,6002011,CURVES FOR WOMEN,CURVES FOR WOMEN,4/1/2013,3/31/2018
615,Market at Round Rock,350,61567,SOCCER POST,SOCCER POST,10/1/2012,3/31/2018
662,Murrayhill Marketplace,350,66220,TOUCH OF LIGHT MASSAGE,TOUCH OF LIGHT MASSAGE,11/17/1995,10/31/2018
615,Market at Round Rock,125,61571,SCOTTRADE,SCOTTRADE,4/8/2013,4/30/2018
689,Sherwood Crossroads,0504,68935,LA SEN VIETNAMESE GRILL,LA SEN VIETNAMESE GRILL,11/5/2013,11/30/2018
70,Russell Ridge,0504,7037,THE HAIR COLOR SALON & SPA,THE HAIR COLOR SALON & SPA,8/27/2010,8/31/2018
616,North Hills,1110,61663,"BEAUTY SALONS OF CENTRAL TEXAS, INC.",BEAUTY SALONS OF CENTRAL TEXAS,7/1/2008,6/30/2018
6073802,Broadway Market - Residential,201,6073870,SEAN ANDERSON AND JAIME CHUNG,SEAN ANDERSON AND JAIME CHUNG,2/4/2017,1/31/2018
6073802,Broadway Market - Residential,205,6073850,ROBERT PASSBERGER & MALEY THOM,ROBERT PASSBERGER & MALEY THOM,9/14/2015,7/31/2018
6073802,Broadway Market - Residential,209,6073876,LING PENDLUM AND JONATHON PENDLUM,LING PENDLUM AND JONATHON PEND,5/12/2017,5/31/2018
6073802,Broadway Market - Residential,213,6073820,ALISIA LARSEN,ALISIA LARSEN,6/15/2014,2/28/2018
6073802,Broadway Market - Residential,305,6073857,ALICIA NOLAND-TYLER DAINES-CHRISTINA NOL,ALICIA NOLAND-TYLER DAINES,3/1/2016,2/28/2018
6073802,Broadway Market - Residential,306,6073855,LEE WOOD,LEE WOOD,11/23/2015,1/31/2018
6073802,Broadway Market - Residential,307,6073862,SARAH WONG & WATSON WONG,SARAH & WATSON WONG,8/20/2016,7/31/2018
632,San Leandro Plaza,D2,63212,RADIO SHACK,RADIO SHACK,2/1/1984,3/31/2018
6073802,Broadway Market - Residential,308,6073860,KYLE LUNDE - LISA MCCREEDY,KYLE LUNDE - LISA MCCREEDY,5/1/2016,4/30/2018
60056,Saugus,B200,6005607,SUPERCUTS,SUPERCUTS,9/8/2008,9/30/2018
523,Lebanon/Legacy Center,0154,52357,"RE/MAX, FREEDOM TITLE","RE/MAX, FREEDOM TITLE",7/1/2013,6/30/2018
523,Lebanon/Legacy Center,0180,52336,ELITE MEDSPA,ELITE MEDSPA,2/28/2006,2/28/2018
523,Lebanon/Legacy Center,0324,52302,JENNY'S DONUTS,JENNY'S DONUTS,6/22/2003,6/30/2018
658,Sammamish-Highlands,510,65872,PACIFIC BIKE AND SKI,PACIFIC BIKE AND SKI,10/31/2013,10/31/2018
6078904,Clarendon I - Retail,800,6078917,FUEGO,FUEGO,12/10/2002,12/31/2017
155,Pike Creek,0021,15556,RENO'S ICE CREAM,RENO'S ICE CREAM,6/7/2008,6/30/2018
230,Ashburn Farm Market Center,0021,23029,WHOLE PET CENTRAL,WHOLE PET CENTRAL,6/21/2008,6/30/2018
589,East Washington Place,0021,58913,SPRINT PCS,SPRINT,8/1/2013,8/31/2018
665,Hancock,810,66544,TWIN LIQUORS,TWIN LIQUORS,7/1/2008,6/30/2018
662,Murrayhill Marketplace,290,662109,EDWARD JONES,EDWARD JONES,5/21/2009,5/31/2018
6073802,Broadway Market - Residential,309,6073827,JAMES DAVID L HEANEY,JAMES DAVID L HEANEY,12/14/2013,12/31/2017
15,Gateway Shopping Center,0133,1553,ZINMAN FURS,ZINMAN FURS INC,5/1/1999,8/31/2018
657,Pine Lake Village,ATM,65733,BOEING EMPLOYEES' CREDIT UNION,BOEING EMPLOYEES' CREDIT UNION,5/2/2012,5/31/2018
90048,Firstfield Shopping Ctr,ATM,9004812,BANK OF AMERICA,BANK OF AMERICA - ATM,1/10/2003,4/30/2018
15,Gateway Shopping Center,0221,1543,SAL'S PIZZA,SAL'S PIZZA,12/1/1997,11/30/2018
774,Stonewall,0225,77403,STAPLES,STAPLES,8/3/2008,8/31/2018
15,Gateway Shopping Center,0245,1578,BENEFICIAL BANK,BENEFICIAL BANK,4/15/2013,4/30/2018
15,Gateway Shopping Center,0293,1582,VERIZON WIRELESS,VERIZON WIRELESS,8/15/2012,8/31/2018
15,Gateway Shopping Center,0297,1547,TASTE OF INDIA,TASTE OF INDIA,6/1/1997,2/28/2018
60024,Westwood Village,0509,6002447,MATTRESS FIRM,MATTRESS FIRM,10/18/2013,10/31/2018
133,Cambridge Square,2036-G,13335,GREAT CLIPS,GREAT CLIPS,11/18/2008,11/30/2018
616,North Hills,3530,61672,GREAT HAIRCUTS OF TEXAS,GREAT HAIRCUTS OF TEXAS,9/1/2010,8/31/2018
141,Hyde Park,0054,14166,JENNY CRAIG,JENNY CRAIG,9/18/2000,9/30/2018
203,Briarcliff Village,0003A,20307,PARTY CITY,PARTY CITY,9/1/1996,8/31/2018
226,Harpeth Village Fieldstone,0003A,22614,IDOL NAIL SPA,IDOL NAIL SPA,6/1/2013,5/31/2018
60738,Broadway Market,223,6073845,"MY BRANCH OFFICE, LLC","MY BRANCH OFFICE, LLC",10/30/2015,10/31/2018
609,Mockingbird Commons,254,60952,LAKEWOOD PERIODONTICS,LAKEWOOD PERIODONTICS,5/25/2008,5/31/2018
609,Mockingbird Commons,254A,60917,OGLE SCHOOL OF HAIR DESIGN,OGLE SCHOOL OF HAIR DESIGN,11/1/1992,4/30/2018
609,Mockingbird Commons,254A,60965,OGLE SCHOOL OF HAIR DESIGN,OGLE SCHOOL OF HAIR DESIGN,11/1/2016,4/30/2018
60748,Garden City Park,255,6074810,PRESTIGE LAUNDRY,PRESTIGE LAUNDRY,3/1/2001,12/31/2017
615,Market at Round Rock,200A,61555,GAME OVER VIDEO GAMES,GAME OVER VIDEO GAMES,9/1/2008,8/31/2018
615,Market at Round Rock,375,61569,KALEIDOSCOPE TOYS,KALEIDOSCOPE TOYS,1/1/2013,12/31/2017
616,North Hills,1114,61639,T-MOBILE,T-MOBILE,11/22/1999,3/31/2018
616,North Hills,1130,61606,STYLE AMERICA  #6761,STYLE AMERICA,1/15/1997,1/1/2018
616,North Hills,1500,61616,SUBWAY,SUBWAY,1/9/1990,1/31/2018
616,North Hills,4326,61664,SUNSTONE YOGA,SUNSTONE YOGA,7/15/2008,7/31/2018
618,Pima Crossing,8710,61812,SHERWIN WILLIAMS COMPANY,SHERWIN-WILLIAMS,10/1/1993,9/30/2018
618,Pima Crossing,8734,61876,A WORLD OF TILE,A WORLD OF TILE,8/29/2013,8/31/2018
618,Pima Crossing,A1A,61856,BEAD WORLD,BEAD WORLD,6/10/2007,6/30/2018
618,Pima Crossing,B3A,61819,THE UPS STORE,THE UPS STORE,10/1/1993,9/30/2018
618,Pima Crossing,B7,61849,FOUR PEAKS ANIMAL CLINIC,FOUR PEAKS ANIMAL CLINIC,11/1/2003,10/31/2018
481,Corral Hollow,C11,48120,YESTERDAY'S TREASURES,YESTERDAY'S TREASURES,12/10/2014,12/31/2017
618,Pima Crossing,E33,61874,JESSICA KNITS,JESSICA KNITS,8/15/2013,11/30/2018
620,South Lowry Square,414,62023,SUN WAH RESTAURANT,SUN WAH RESTAURANT,10/19/1992,10/31/2018
626,Strawflower Village,AJ,62654,HMB OPTOMETRIC GROUP,HMB OPTOMETRIC GROUP,8/17/2013,8/31/2018
626,Strawflower Village,AN,62655,METRO PCS,METRO PCS,6/24/2013,6/30/2018
626,Strawflower Village,AP,62641,SUNSHINE DONUTS,SUNSHINE DONUTS,4/1/2003,10/31/2018
626,Strawflower Village,AR,62621,H & R BLOCK,H & R BLOCK,1/15/1992,4/30/2018
618,Pima Crossing,B1,61817,SUBWAY,SUBWAY,11/1/1993,10/31/2018
627,Tassajara Crossing,3414,62705,ASCONA PIZZA,ASCONA PIZZA,4/27/1993,7/31/2018
627,Tassajara Crossing,3424,62765,BLACKHAWK MEDICAL GROUP,BLACKHAWK MEDICAL GROUP,9/1/2013,8/31/2018
177,Howell Mill Village,0018A,46440,COLLIER HILLS ANIMAL HOSPITAL,COLLIER HILLS ANIMAL HOSPITAL,9/5/2008,9/30/2018
627,Tassajara Crossing,3450,62761,YOGURT SHOP,YOGURT SHOP,11/12/2010,11/30/2018
627,Tassajara Crossing,3454,62720,TOGO'S,TOGO'S,6/13/1998,6/30/2018
627,Tassajara Crossing,3478,62728,VICTORIA'S HAIR SPA,VICTORIA'S HAIR SPA,2/1/1996,1/31/2018
629,Encina Grande,2861,62906,EVIE'S HAMBURGER,EVIE'S HAMBURGERS,7/1/1993,6/30/2018
630,West Park Plaza,1315,63026,HUNG THAI DENTAL CORP.,HUNG THAI DENTAL CORP,9/1/2003,8/31/2018
630,West Park Plaza,1317,63002,CHECK INTO CASH,CHECK INTO CASH,7/1/1998,8/31/2018
630,West Park Plaza,1337,63016,CRYSTAL PURE WATER,CRYSTAL PURE WATER,8/5/1993,6/30/2018
630,West Park Plaza,1345,63041,PIZZA GUYS,PIZZA GUYS,11/1/2013,10/31/2018
631,Woodside Central,2501,63118,VERIZON WIRELESS,VERIZON WIRELESS,9/1/2001,5/31/2018
631,Woodside Central,2517,63128,SALON CENTRIC,SALON CENTRIC,11/12/2012,2/28/2018
631,Woodside Central,2537A,63131,TIGER TAEKWONDO,TIGER TAEKWONDO,10/11/2015,10/31/2018
631,Woodside Central,2537B,63112,CHECK INTO CASH,CHECK INTO CASH,7/15/1998,7/31/2018
631,Woodside Central,2539,63113,GNC,GNC,10/16/1993,10/31/2018
60142,Canopy Oak Center,0101,6014207,PAVAROTTI'S PIZZA & RESTAURANT,PAVAROTTI'S PIZZA & RESTAURANT,4/22/2009,12/31/2017
633,Sequoia Station,B9,63345,GREAT CLIPS,GREAT CLIPS,6/1/2013,5/31/2018
634,Shoppes at Homestead,1631,63406,SAVOIR FAIRE,SAVOIR FAIRE,4/1/1996,3/31/2018
634,Shoppes at Homestead,1657,63470,TULIP AFTER SCHOOL,TULIP AFTER SCHOOL,6/1/2013,5/31/2018
634,Shoppes at Homestead,1665,63457,KUMON MATH & READING CENTER OF HOMESTEAD,KUMON MATH & READING CENTER,6/1/2007,5/31/2018
634,Shoppes at Homestead,1669B,63424,MODI'S BUSINESS CENTER,MODI'S BUSINESS CENTER,5/1/1998,4/30/2018
634,Shoppes at Homestead,1673,63465,TAE KWON DO,TAE KWON DO,2/1/2010,1/31/2018
92059,Lynn Haven,0340,24010,BEEF O'BRADY'S,BEEF O'BRADY'S,5/24/2003,5/31/2018
635,Diablo Plaza,0206,63517,DIABLO DELI,DIABLO DELI,6/1/1985,5/31/2018
635,Diablo Plaza,0301B,63569,WEIGHT WATCHERS,WEIGHT WATCHERS,2/15/2013,2/28/2018
60024,Westwood Village,0309,6002419,MASSAGE ENVY,MASSAGE ENVY,7/14/2008,7/31/2018
653,Southcenter,337,65337,L BEAUTY BAR,L BEAUTY BAR,10/10/2013,10/31/2018
653,Southcenter,339,65328,MIZU STEAKHOUSE AND SUSHI BAR,MIZU STEAKHOUSE AND SUSHI BAR,7/1/2008,6/30/2018
656,Walker Center,2618,65632,FIVE GUYS BURGERS & FRIES,FIVE GUYS BURGERS & FRIES,10/20/2008,10/31/2018
523,Lebanon/Legacy Center,0130,52310,SUBWAY,SUBWAY,6/1/2003,5/31/2018
656,Walker Center,2800,65637,KARAM LEBANESE DELI & CATERING,KARAM LEBANESE DELI AND CATERI,11/9/2013,11/30/2018
657,Pine Lake Village,3012,65726,EDWARD JONES,EDWARD JONES,6/20/2007,6/30/2018
657,Pine Lake Village,3050,65716,GOOD HEALTH,GOOD HEALTH,10/24/1998,10/31/2018
657,Pine Lake Village,3056,65719,SYLVAN LEARNING CENTER,SYLVAN LEARNING CENTER,9/20/1993,9/30/2018
657,Pine Lake Village,3058,65725,CAT CARE CLINIC,CAT CARE CLINIC,2/3/2003,2/28/2018
60572,Tech Ridge Center,712,6057229,CARESPOT EXPRESS HEALTHCARE,CARESPOT EXPRESS HEALTHCARE,2/18/2013,2/28/2018
659,Inglewood Plaza,655,65924,POSITIVE ALLY,POSITIVE ALLY,7/13/2013,7/31/2018
662,Murrayhill Marketplace,657,66271,WORLD CHAMPION TAE KWON DO,WORLD CHAMPION TAE KWON DO,5/6/2002,5/31/2018
659,Inglewood Plaza,703,65909,SUBWAY,SUBWAY,3/30/1993,3/31/2018
659,Inglewood Plaza,709,65912,PAPA MURPHY'S TAKE & BAKE,PAPA MURPHY'S TAKE & BAKE,8/1/1993,7/31/2018
141,Hyde Park,PARK,141129,NCCS SERVICES,NCCS SERVICES,5/1/2016,12/31/2017
170,Kroger New Albany Center,PARK,17036,NCCS SERVICES,NCCS SERVICES,5/1/2016,12/31/2017
224,Peartree Village,PARK,22412,CCH,CCH,11/1/2014,10/31/2018
483,King Farm Village Center,PARK,48316,CCH,CCH,11/1/2014,10/31/2018
501,Cherry Grove,PARK,50153,NCCS SERVICES,NCCS SERVICES,5/1/2016,12/31/2017
502,East Pointe,PARK,50235,NCCS SERVICES,NCCS SERVICES,5/1/2016,12/31/2017
60066,Hickory Creek Plaza,PARK,6006619,CCH,CCH,11/1/2014,10/31/2018
767,Culpeper Colonnade,PARK,76724,"TEXIMA, LLC","TEXIMA, LLC",1/1/2017,12/31/2017
90048,Firstfield Shopping Ctr,PARK,9004824,CCH,CCH,11/1/2014,10/31/2018
662,Murrayhill Marketplace,623,66286,TAN REPUBLIC,TAN REPUBLIC,1/1/2005,12/31/2017
90015,Silverado Plaza,627,9001505,PAPYRUS,PAPYRUS,7/17/1998,1/31/2018
662,Murrayhill Marketplace,667,66238,MURRAYHILL EYE CARE,MURRAYHILL EYECARE,6/22/1992,5/31/2018
662,Murrayhill Marketplace,675,66274,BELLA SALON,BELLA SALON,10/1/2002,9/30/2018
664,Sunnyside 205,9895B,66438,SWAG NORTHWEST,SWAG NORTHWEST,9/13/2013,9/30/2018
664,Sunnyside 205,9895C,66435,LUXURY NAIL BAR,LUXURY NAIL BAR,1/7/2013,1/31/2018
664,Sunnyside 205,9895K,66429,MASSAGE ENVY,MASSAGE ENVY,7/19/2008,7/31/2018
632,San Leandro Plaza,C3,63204,GNC,GNC,5/20/1998,5/31/2018
633,Sequoia Station,C3,63317,STARBUCKS,STARBUCKS,9/15/1993,9/30/2018
665,Hancock,850,66531,24 HOUR FITNESS,24 HOUR FITNESS,10/1/2003,9/30/2018
767,Culpeper Colonnade,965,76710,LEDO'S PIZZA,LEDO PIZZA,1/1/2008,12/31/2017
60557,Grand Ridge Plaza,2000,6055715,SIP,SIP,9/12/2006,9/11/2018
675,Keller Town Center,A119,67539,PUERTA VIEJA MEXICAN GRILL,PUERTA VIEJA MEXICAN GRILL,3/1/2013,2/28/2018
616,North Hills,2105,61668,MR. GATTI'S PIZZA,MR. GATTI'S PIZZA,10/6/2009,10/31/2018
616,North Hills,2115,61623,GOODYEAR,GOODYEAR,7/1/1991,6/30/2018
60666,Fellsway Plaza,1300,6066620,CC INDUSTRIES REALTY TRUST,CC INDUSTRIES REALTY TRUST,10/17/2008,10/16/2018
691,Prairie City Crossing,0100-1,69142,QT OPTOMETRY,QT OPTOMETRY,5/15/2013,5/31/2018
149,Sope Creek Crossing,0004,14948,GRACIE BARRA,GRACIE BARRA,1/14/2015,1/31/2018
188,Fenton Marketplace,0004,18810,ADVANCE AMERICA,ADVANCE AMERICA,5/29/2002,5/31/2018
222,Powers Ferry Square,0004,22279,KAZOO TOYS OF BUCKHEAD,KAZOO TOYS OF BUCKHEAD,5/30/2013,5/31/2018
177,Howell Mill Village,0004,46411,SALON NEXT,SALON NEXT,4/1/2002,3/31/2018
93010,Alden Bridge,0004,59604,GNC,GNC,9/15/1998,9/30/2018
60062,Twin City Plaza,0004,6006204,K&G MEN'S FASHION SUPERSTORE #28,K&G MEN'S FASHION SUPERSTORE,8/1/2005,12/31/2017
774,Stonewall,0315,77409,ESCAPE SALON & DAY SPA,ESCAPE SALON & DAY SPA,11/2/2008,11/30/2018
60024,Westwood Village,0319,6002409,BROTHERS PIZZA EXPRESS,BROTHERS PIZZA EXPRESS,5/1/2008,4/30/2018
60024,Westwood Village,0513,6002446,THE JOINT WESTWOOD VILLAGE,THE JOINT WESTWOOD VILLAGE,10/1/2013,9/30/2018
161,Prestonbrook,0111,16124,BASKIN-ROBBINS,BASKIN ROBBINS,2/5/2008,2/28/2018
60024,Westwood Village,0525,6002415,CLAIRE'S,CLAIRE'S,4/14/2008,1/31/2018
60024,Westwood Village,0527,6002404,SALLY BEAUTY SUPPLY,SALLY BEAUTY SUPPLY,5/30/2008,5/31/2018
60273,Shoppes at Fairhope Village,0620,6027309,EASTERN SHORE CHIROPRACTIC & SPORTS CLIN,EASTERN SHORE CHIROPRACTIC & S,2/2/2010,2/28/2018
60273,Shoppes at Fairhope Village,0640,6027322,ONMARK PHYSICAL THERAPY,ONMARK PHYSICAL THERAPY,9/17/2015,9/30/2018
60629,Sandy Springs,0112,6062936,DOG CITY BAKERY,DOG CITY BAKERY,8/3/2013,8/31/2018
306,Golden Hills Plaza,0760,30616,DOLCE GALLERIA,DOLCE GALLERIA,9/1/2013,8/31/2018
161,Prestonbrook,0005,16102,COLDWELL BANKER,COLDWELL BANKER,8/18/1999,12/31/2017
165,Queensborough Shopping Center,0005,16513,NAILS 2000,NAILS 2000,3/1/2010,2/28/2018
226,Harpeth Village Fieldstone,0005,22608,HILLSBORO ORTHODONTICS,HILLSBORO ORTHODONTICS,8/17/1998,8/31/2018
230,Ashburn Farm Market Center,0005,23040,CARPET ONE,CARPET ONE,2/5/2013,2/28/2018
507,West Chester Plaza,0005,50705,SUBWAY,SUBWAY,4/1/1992,3/31/2018
539,Powell Street Plaza,0005,53934,BEVERAGES AND MORE,BEVERAGES & MORE!,11/16/2008,11/30/2018
595,Sterling Ridge,0005,59505,QUIZNO'S,QUIZNO'S,2/1/2001,1/31/2018
93010,Alden Bridge,0005,59605,SUBWAY,SUBWAY,8/1/1998,7/31/2018
60142,Canopy Oak Center,0113,6014221,STUDIO 200,STUDIO 200,11/1/2013,10/31/2018
60142,Canopy Oak Center,0114,6014206,SPIVEY COSMETIC DENTISTRY,SPIVEY COSMETIC DENTISTRY,9/23/2008,9/30/2018
60056,Saugus,A200,6005603,TRADER JOE'S,TRADER JOE'S,8/11/2008,9/30/2018
60056,Saugus,A600,6005621,REGENCY SOLAR,REGENCY SOLAR,12/9/2011,9/30/2018
60056,Saugus,D800,6005610,LIBERTY TRAVEL,LIBERTY TRAVEL,9/16/2008,9/30/2018
93011,Bethany Park Place,0006,18514,PAPA MURPHY'S TAKE & BAKE,PAPA MURPHY'S TAKE & BAKE,9/1/2008,8/31/2018
222,Powers Ferry Square,0006,22281,DREAMDRY,DREAMDRY,8/15/2013,8/31/2018
226,Harpeth Village Fieldstone,0006,22604,GREAT CLIPS,GREAT CLIPS,12/29/1997,12/31/2017
177,Howell Mill Village,0006,46424,COLLIER CHIROPRACTIC,COLLIER CHIROPRACTIC,12/1/2003,6/30/2018
92056,Signal Hill Shopping Center,0006,57305,GAMESTOP,GAMESTOP,8/27/2004,8/31/2018
545,Westridge Village,0205,54505,SUBWAY,SUBWAY (SUB: HARPRIT PANDHER),9/7/2003,9/30/2018
60024,Westwood Village,0205,6002420,WHICH WICH,WHICH WICH,10/10/2008,10/31/2018
306,Golden Hills Plaza,0660,30618,AT&T,AT&T,5/2/2015,5/31/2018
165,Queensborough Shopping Center,0007,16503,THE UPS STORE,THE UPS STORE,12/6/1993,4/30/2018
93016,Shiloh Springs,0007,18106,GREAT CLIPS,GREAT CLIPS,3/3/1998,3/31/2018
222,Powers Ferry Square,0007,22244,DERMESS,DERMESS,7/28/2000,7/31/2018
60142,Canopy Oak Center,0123,6014202,CHINA STAR,LI JING CHINESE RESTAURANT,11/5/2008,11/30/2018
60156,Shorewood Crossing II,976/978G,6015607,PLAY IT AGAIN SPORTS,PLAY IT AGAIN SPORTS,3/15/2008,3/31/2018
60024,Westwood Village,0501,6002401,NAILS OF AMERICA,NAILS OF AMERICA,5/1/2008,4/30/2018
141,Hyde Park,0008,14199,MASSAGE ENVY,MASSAGE ENVY,11/4/2008,11/30/2018
230,Ashburn Farm Market Center,0008,23003,"ASHOURIPOUR, LLC","ASHOURIPOUR, LLC",4/1/2002,3/31/2018
595,Sterling Ridge,0008,59508,L'AVANTAGE SALON,L'AVANTAGE SALON,4/1/2001,5/31/2018
598,Panther Creek,0008,59808,SUBWAY,SUBWAY,5/1/1992,4/30/2018
60062,Twin City Plaza,0008,6006228,T-MOBILE,T-MOBILE,6/15/2007,6/30/2018
70,Russell Ridge,0403,7032,PAK MAIL,PAK MAIL,3/1/2007,2/28/2018
90104,Merchants Village,0090,22309,PUBLIX SUPER MARKETS,PUBLIX,5/27/1998,6/1/2018
60542,Brentwood Plaza,8820,6054201,SSM ST. MARY'S HEALTH CENTER,SSM ST. MARY'S HEALTH CENTER,8/12/2013,8/31/2018
155,Pike Creek,0010,15510,"GANESH, INC.",VALLEY LIQUORS,9/1/1991,8/31/2018
177,Howell Mill Village,0010,46421,MALAYA,MALAYA,11/1/2003,10/31/2018
507,West Chester Plaza,0010,50725,ROBIN'S VAPORS,ROBIN'S VAPORS,9/15/2014,2/28/2018
516,Windmiller Plaza Phase I,0010,51622,CATO,CATO,8/27/2002,1/31/2018
598,Panther Creek,0010,59851,MASA'S SUSHI & ROBATA BAR,MASA'S SUSHI & ROBATA BAR,10/25/2005,10/31/2018
60062,Twin City Plaza,0010,6006209,MATTRESS GIANT,MATTRESS FIRM,5/15/2004,11/30/2018
60557,Grand Ridge Plaza,1600,6055735,MYSPINE SPORTS THERAPY,MYSPINE SPORTS THERAPY,6/4/2013,6/30/2018
200,Ashford Place,0012,20011,CHILI'S #298,CHILIS RESTAURANT,8/23/1993,8/22/2018
412,Sweetwater Plaza,0012,41228,STATE FARM INSURANCE,STATE FARM INSURANCE,7/1/2013,6/30/2018
507,West Chester Plaza,0012,50710,GREAT WALL KITCHEN,GREAT WALL KITCHEN,6/1/1992,2/28/2018
60567,Oak Shade Town Center,2101C,6056703,GREAT CLIPS,GREAT CLIPS,11/21/1998,11/30/2018
60567,Oak Shade Town Center,2151A,6056707,ROUND TABLE PIZZA,ROUND TABLE PIZZA,8/26/1998,8/25/2018
60567,Oak Shade Town Center,2171F,6056718,COMMON GROUNDS COFFEE,COMMON GROUNDS COFFEE,9/21/2013,9/30/2018
60603,Southpark at Cinco Ranch,416,6060304,AKASHI SUSHI,AKASHI SUSHI,3/15/2013,3/31/2018
60684,Shops at Mira Vista,416,6068410,AMY'S ICE CREAM,AMY'S ICE CREAM,5/26/2011,5/31/2018
60603,Southpark at Cinco Ranch,424,6060318,BRITE TOUCH CLEANERS,BRITE TOUCH CLEANERS,4/25/2013,4/30/2018
60603,Southpark at Cinco Ranch,426,6060303,NAILS OF AMERICA,NAILS OF AMERICA,2/13/2013,2/28/2018
60603,Southpark at Cinco Ranch,432,6060309,MENCHIE'S FROZEN YOGURT,MENCHIE'S FROZEN YOGURT,2/13/2013,2/28/2018
60603,Southpark at Cinco Ranch,434,6060305,GRAND VISION CENTER,GRAND VISION CENTER,1/14/2013,1/31/2018
598,Panther Creek,0013,59842,LOS CUCOS MEXICAN RESTAURANT,LOS CUCOS MEXICAN RESTAURANT,12/1/2002,4/30/2018
60020,State Street Crossing,110,6002001,LEO'S CONEY ISLAND,LEO'S CONEY ISLAND,7/1/2008,6/30/2018
60030,Augusta Center,110,6003013,TRI-CORP WIRELESS,TRI-CORP WIRELESS,6/1/2013,5/31/2018
60644,Preston Oaks,1007A,6064419,MARCO'S PIZZA - STORAGE,MARCO'S PIZZA - STORAGE,3/1/2007,1/31/2018
177,Howell Mill Village,0015,17714,ORANGETHEORY FITNESS,ORANGETHEORY FITNESS,11/22/2013,11/30/2018
516,Windmiller Plaza Phase I,0015,51613,WENDY'S #602438,WENDY'S,3/18/1997,12/31/2017
539,Powell Street Plaza,0015,53914,JAMBA JUICE COMPANY #145,JAMBA JUICE,11/1/1998,10/31/2018
412,Sweetwater Plaza,0015,54211,LES SCISSORS,LES SCISSORS,5/13/1998,5/31/2018
93010,Alden Bridge,0015,59615,"NORMAN D. FARLEY, DDS","NORMAN D. FARLEY, DDS",5/9/1998,5/31/2018
598,Panther Creek,0015,59861,MASSAGE HEIGHTS,MASSAGE HEIGHTS,3/15/2013,3/31/2018
60062,Twin City Plaza,0015,6006214,SUPERCUTS (STORE #8313),SUPERCUTS,7/10/1983,7/31/2018
60684,Shops at Mira Vista,341,6068404,GOLFTEC,GOLFTEC,9/26/2013,9/30/2018
60702,Brick Walk I - Bldgs 4 and 7,58,6070218,THE ORIGINAL BAGEL KING,BAGEL KING,8/15/2003,8/14/2018
60702,Brick Walk I - Bldgs 4 and 7,66,6070225,"JOSEPH ZERELLA DMD MDS, LLS","JOSEPH ZERELLA DMD MDS, LLS",10/1/2013,9/30/2018
60702,Brick Walk I - Bldgs 4 and 7,67,6070226,"KENNEDY INDUSTRIAL SALES, LLC",PETER KENNEDY,6/1/2013,5/31/2018
60702,Brick Walk I - Bldgs 4 and 7,68,6070227,KAREN KOLENDA,KAREN KOLENDA,4/1/2001,8/31/2018
60702,Brick Walk I - Bldgs 4 and 7,71,6070246,FORETOP CAPITAL MANAGEMENT LLC,FORETOP CAPITAL MANAGEMENT LLC,8/5/2015,7/31/2018
60702,Brick Walk I - Bldgs 4 and 7,72A,6070245,GOOD TEASE,GOOD TEASE,4/1/2015,3/31/2018
60705,Brick Walk III - Bldg 5,42,6070505,NANCY E. KILLIAN,NANCY E. KILLIAN,6/1/2011,5/31/2018
230,Ashburn Farm Market Center,0018,23028,RAIN,RAIN,1/3/2008,1/31/2018
93010,Alden Bridge,0018,59618,"RICHARD T. WALL, D.V.M.","RICHARD T. WALL, D.V.M.",5/9/1998,5/31/2018
60140,Lorton Marketplace,0018,6014023,BASKIN ROBBINS,BASKIN ROBBINS,10/25/2008,11/30/2018
60707,Brick Walk V - Bldgs 1 and 2,15C,6070719,LAURA MONTOYA-DELAVERGNE & JOSE GON,LAURA MONTOYA-DELAVERGNE AND J,5/30/2017,5/29/2018
60738,Broadway Market,431,6073807,T-MOBILE,T-MOBILE,5/1/2013,4/30/2018
165,Queensborough Shopping Center,0019,16516,RAFFIA ACCENTS & PERSONALIZED GIFTS,RAFFIA ACCENTS AND PERSONALIZE,12/1/2013,11/30/2018
412,Sweetwater Plaza,0019,41230,PURE BARRE,PURE BARRE,10/18/2013,10/31/2018
539,Powell Street Plaza,0019,53926,METRO PCS CALIFORNIA/FLORIDA,METRO PCS,5/3/2003,5/31/2018
90007,Auburn Village,2310,9000725,SUBWAY,SUBWAY,2/1/1990,4/30/2018
90007,Auburn Village,2342,9000730,"CALIFORNIA SUN, INC","CALIFORNIA SUN, INC",2/10/1998,1/31/2018
90007,Auburn Village,2376,9000733,DISCOVERY SHOP,DISCOVERY SHOP,8/1/1998,11/30/2018
177,Howell Mill Village,0022,17718,IMAGINATION STATION CREATIVE LEARNING,IMAGINATION STATION CREATIVE L,8/20/2014,8/31/2018
93010,Alden Bridge,0022,59622,PAPA JOHNS PIZZA,PAPA JOHNS PIZZA,5/4/1998,5/31/2018
597,Cochran's Crossing,0022,59722,"RICHARD T. WALL, D.V.M.","RICHARD T. WALL, D.V.M.",11/1/1994,5/31/2018
90015,Silverado Plaza,605A,9001533,NAPA MARKETPLACE PUBLISHING,NAPA MARKETPLACE PUBLISHING,10/1/2013,9/30/2018
90015,Silverado Plaza,605D,9001536,"COUNTY APPRAISALS, INC",COUNTY APPRAISALS,3/1/2015,2/28/2018
412,Sweetwater Plaza,0023,41229,COPPERFIELD FAMILY DENTISTRY,COPPERFIELD FAMILY DENTISTRY,6/1/2013,5/31/2018
589,East Washington Place,0023,58908,SPORT CLIPS,SPORT CLIPS,9/21/2013,9/30/2018
595,Sterling Ridge,0023,59523,STERLING RIDGE CLEANERS,STERLING RIDGE CLEANERS,11/20/2000,6/30/2018
93010,Alden Bridge,0023,59623,WALGREEN CO. #4493,WALGREENS,5/4/1998,5/31/2018
90044,Valley Centre,01B,9004419,HOMEGOODS,HOMEGOODS,4/19/2002,4/30/2018
141,Hyde Park,0027,141106,WING EYECARE,WING EYECARE,9/17/2010,9/30/2018
197,Northlake Village,0027,19802,PETCO SUPPLIES AND FISH #289,PETCO,12/27/1999,3/31/2018
589,East Washington Place,0027,58912,THE CHEESE STEAK SHOP,THE CHEESE STEAK SHOP,9/12/2013,9/30/2018
222,Powers Ferry Square,0029,22280,BRIDGE BOUTIQUE(SUB:SLOAN HOME),BRIDGE BOUTIQUE(SUB:SLOAN HOME,5/13/2013,5/31/2018
414,Village Center at Dulles,0029,41491,MATHNASIUM,MATHNASIUM,11/9/2013,11/30/2018
598,Panther Creek,0029,59829,TEACUPS & TADPOLES,TEACUPS & TADPOLES,11/1/2001,2/28/2018
90045,Bowie Plaza,22A,9004557,COSMOPROF BEAUTY SYSTEMS,COSMOPROF BEAUTY SYSTEMS,9/7/2013,9/30/2018
90055,Woodmoor Shopping Ctr,21A,9005583,G & D CONTRACTORS,G&D CONTRACTORS,9/1/2012,8/31/2018
90062,Greenway Town Center,12272,9006209,GREENWAY PUB,GREENWAY PUB,10/1/1993,8/31/2018
141,Hyde Park,0037,141114,GAMES WORKSHOP,GAMES WORKSHOP,1/26/2012,3/31/2018
177,Howell Mill Village,0037,17715,OPTICAL SHOP (TBD),OPTICAL SHOP (TBD),12/1/2013,11/30/2018
420,Geneva Crossing,A006,42006,TOBACCO PALACE,TOBACCO PALACE,8/1/2003,12/31/2017
287,Regency Commons,A008,28713,GOLFTEC,GOLFTEC,1/1/2010,12/31/2017
287,Regency Commons,A011,28717,J. GUMBO'S,J. GUMBO'S,10/26/2013,10/31/2018
402,Cascade Plaza,B002,40205,CIGARLAND,CIGARLAND,6/16/2003,6/30/2018
176,El Cerrito Plaza,D002,17622,CLASSY NAILS,CLASSY NAILS,8/1/2013,7/31/2018
90104,Merchants Village,0070,42810,VILLAGE SPIRITS,VILLAGE SPIRITS,4/20/2008,4/30/2018
501,Cherry Grove,020A,50150,MATTRESS SOLUTIONS,MATTRESS SOLUTIONS,8/16/2013,6/30/2018
93012,Blossom Valley,1764B,62509,COUNTRY PET WASH,COUNTRY PET WASH,10/15/1995,3/31/2018
93012,Blossom Valley,809C,62533,SUBWAY,SUBWAY (SUBL: HAK YOO),10/29/2003,10/31/2018
93013,Dunwoody Hall,00001,21932,SUBWAY,SUBWAY(SUB: KEVIN PATEL),10/31/2002,1/31/2018
218,Brighten Park,00002,21856,PLATO'S CLOSET,PLATO'S CLOSET,4/7/2003,5/31/2018
93013,Dunwoody Hall,00006,21938,THE ENCHANTED FOREST,THE ENCHANTED FOREST,11/1/2008,10/31/2018
209,Paces Ferry Plaza,00011,20933,WEST STRIDE,WEST STRIDE,7/12/2008,7/31/2018
93013,Dunwoody Hall,00012,21911,ECKERD,ECKERD,3/19/1978,6/30/2018
93013,Dunwoody Hall,00402,21917,DR.PRILUCK & DR.NORDONE,FAMILY DENTISTRY,1/1/1993,6/30/2018
210,Powers Ferry Village,00500,21006,THE UPS STORE,THE UPS STORE,11/13/1995,11/30/2018
6078906,Clarendon II - Retail,2879,6078931,ORVIS,ORVIS,11/15/2003,11/30/2018
149,Sope Creek Crossing,0001,14931,CLOVER CLEANERS,CLOVER CLEANERS,3/1/2008,2/28/2018
176,El Cerrito Plaza,IM01,69751,AUBREY BARRETT,AUBREY BARRETT,7/1/1991,11/30/2018
176,El Cerrito Plaza,IM06,697149,PAUL WONG,PAUL WONG,10/1/2016,10/31/2018
176,El Cerrito Plaza,IM08,17624,GARRETT BROWN,GARRETT BROWN,2/14/2014,2/28/2018
176,El Cerrito Plaza,IM09,17629,HYDRO ANALYSIS,HYDRO ANALYSIS,5/1/2015,4/30/2018
176,El Cerrito Plaza,J004,697109,PETCO,PETCO,3/22/2002,1/31/2018
176,El Cerrito Plaza,J008,49721,VERIZON WIRELESS,VERIZON WIRELESS,6/1/2007,5/31/2018
176,El Cerrito Plaza,J016,17616,WEIGHT WATCHERS,WEIGHT WATCHERS,10/1/2011,9/30/2018
176,El Cerrito Plaza,J021,69723,GNC,GNC,4/1/1991,3/31/2018
176,El Cerrito Plaza,JM13,697145,WESSNE'S JANITORIAL SERVICES,WESSNE'S JANITORIAL SERVICES,7/1/2015,6/30/2018
176,El Cerrito Plaza,JM27,49731,JEAN STITES,JEAN STITES,11/1/2008,10/31/2018
176,El Cerrito Plaza,K003,697141,XIAO-JIE ZHOU AND CHRISTINA ZHOU,PLAZA COIN LAUNDRY,11/1/2003,10/31/2018
205,Cornerstone Square,0002,20508,HANCOCK FABRICS,HANCOCK FABRICS,10/1/1990,4/30/2018
412,Sweetwater Plaza,0002,41219,THE TEAHOUSE @ COFFEEHOUSE CO.,THE TEAHOUSE @ COFFEEHOUSE CO.,7/1/2008,6/30/2018
416,Clinton Park,0002,41626,CRICKET WIRELESS,CRICKET WIRELESS,10/26/2009,9/30/2018
501,Cherry Grove,0002,50143,ALLSTATE INSURANCE,ALLSTATE INSURANCE,12/1/2008,11/30/2018
93010,Alden Bridge,0002,59602,"GEORGE F. BARRATT, DDS","GEORGE F. BARRATT, DDS",5/9/1998,5/31/2018
598,Panther Creek,0002,59862,LINDA MORGAN'S UNIQUE INTERIORS,LINDA MORGAN'S UNIQUE INTERIOR,11/1/2013,11/30/2018
197,Northlake Village,0019B,19727,DUSIT THAI,DUSIT THAI,8/25/2003,8/31/2018
155,Pike Creek,0003,15537,FAST FRAME #344,FAST FRAME,10/30/2000,10/31/2018
165,Queensborough Shopping Center,0003,16515,PALMETTO OUTDOOR KITCHENS,PALMETTO OUTDOOR KITCHENS,8/1/2013,7/31/2018
93016,Shiloh Springs,0003,18102,CLASSY NAILS,CLASSY NAILS,4/13/1998,4/30/2018
200,Ashford Place,0003,20019,PELLA WINDOWS & DOORS,PELLA WINDOWS & DOORS,6/1/1997,5/31/2018
209,Paces Ferry Plaza,00013B,20940,WOO SKINCARE & COSMETICS,WOO SKINCARE & COSMETICS,3/22/2015,3/31/2018
209,Paces Ferry Plaza,00022,20920,GLYN WEAKLEY,GLYN WEAKLEY,8/1/1991,9/30/2018
210,Powers Ferry Village,00400,21017,BLIMPIE SUBS & SALADS,BLIMPIE SUBS & SALADS,12/1/2013,11/30/2018
597,Cochran's Crossing,0026,59740,KUMON MATH & READING CENTER,KUMON MATH & READING CENTER,9/1/2013,8/31/2018
633,Sequoia Station,C4,63318,PENINSULA BEAUTY,PENINSULA BEAUTY,11/26/1993,11/30/2018
210,Powers Ferry Village,00100A,21016,GOODWILL,GOODWILL,8/4/2012,8/31/2018
210,Powers Ferry Village,00600,21015,THE JUICE BOX,THE JUICE BOX,4/15/2013,4/30/2018
215,Dunwoody Village,00600,21569,NEW SCHOOL OF MUSIC,NEW SCHOOL OF MUSIC,1/1/2007,5/31/2018
618,Pima Crossing,C6,61872,THE MUTUAL FUND STORE,THE MUTUAL FUND STORE,1/10/2013,4/30/2018
215,Dunwoody Village,00260A,21588,TAGGART'S DRIVING SCHOOL,TAGGART'S DRIVING SCHOOL,3/31/2013,3/31/2018
215,Dunwoody Village,00430,21555,PHYSIOTHERAPY ASSOCIATES,PHYSIOTHERAPY ASSOCIATES,3/8/2005,3/31/2018
215,Dunwoody Village,00440,21542,FRESH MARKET,FRESH MARKET,4/21/2003,4/30/2018
218,Brighten Park,00023,21856,PLATO'S CLOSET,PLATO'S CLOSET,4/7/2003,5/31/2018
598,Panther Creek,0030,59830,VILLAGE CUTS,VILLAGE CUTS,3/1/1998,2/28/2018
218,Brighten Park,00045,21855,JERSEY MIKES SUBS,JERSEY MIKE'S SUBS,1/15/2003,1/31/2018
218,Brighten Park,00052,21867,GREAT CLIPS,GREAT CLIPS,7/11/2006,7/31/2018
155,Pike Creek,0032,15531,THE LITTLE GYM,THE LITTLE GYM,3/24/1997,7/31/2018
402,Cascade Plaza,B007,68408,REGIS CORPORATION #6803,HAIR MASTERS,1/1/1990,12/31/2017
402,Cascade Plaza,G009,40202,CATHERINES,CATHERINES,7/13/2001,6/30/2018
90045,Bowie Plaza,PAD1,9004531,STATE EMPLOYEES CU - ATM,STATE EMPLOYEES CU - ATM,1/23/2002,5/31/2018
60707,Brick Walk V - Bldgs 1 and 2,15,6070715,QUALITEST,QUALITEST,11/1/2010,4/30/2018
90013,Mariposa Shopping Center,15,9001322,CIGARETTE DISCOUNTER,CIGARETTE DISCOUNTER,9/1/2005,8/31/2018
90045,Bowie Plaza,15,9004515,SUBWAY,SUBWAY,1/6/2003,5/31/2018
481,Corral Hollow,C06B,48119,EYEBROW MASTERS,EYEBROW MASTERS,8/28/2014,8/31/2018
481,Corral Hollow,C07,48112,FANTASTIC SAM'S,FANTASTIC SAMS,10/29/2011,10/31/2018
482,Braemar Village Center,12721,58823,MOUNTAIN KIM MARTIAL ARTS,MOUNTAIN KIM MARTIAL ARTS,10/14/2008,10/31/2018
482,Braemar Village Center,12757,48204,ORANGE LEAF FROZEN YOGURT,ORANGE LEAF FROZEN YOGURT,4/6/2013,4/30/2018
141,Hyde Park,0050,14157,SMOOTHIE KING,SMOOTHIE KING,7/9/1998,7/31/2018
545,Westridge Village,0502B,54529,SPORT CLIPS,SPORT CLIPS,8/10/2008,8/31/2018
582,Clayton Valley Shopping Center,020E,58214,WESTERN HEALTHCARE FEDERAL CREDIT UNION,WESTERN HEALTHCARE FED CREDIT,1/1/2002,1/31/2018
582,Clayton Valley Shopping Center,025E,582105,THE TANNING CO.!,THE TANNING CO.!,9/1/2013,8/31/2018
582,Clayton Valley Shopping Center,029C,58284,CLAYTON DENTAL GROUP,CLAYTON DENTAL GROUP,12/1/2008,11/30/2018
582,Clayton Valley Shopping Center,033E,58227,DIAMOND PURE WATER,DIAMOND PURE WATER,5/1/1993,3/31/2018
582,Clayton Valley Shopping Center,043E,582108,EMPOWER NUTRITION CENTER,EMPOWER NUTRITION CENTER,12/11/2014,12/31/2017
582,Clayton Valley Shopping Center,045E,58267,BRONZE BUDDHA,BRONZE BUDDHA,1/2/2008,1/31/2018
582,Clayton Valley Shopping Center,047E,58271,YOGURT SHACK,YOGURT SHACK,2/27/2008,2/26/2018
582,Clayton Valley Shopping Center,049E,58269,TJ NAIL SPA,TJ NAIL SPA,12/17/2007,2/28/2018
582,Clayton Valley Shopping Center,1408,58282,BELLA RISTORANTE,BELLA RISTORANTE,9/15/2008,9/30/2018
93010,Alden Bridge,0011,9301008,LOU LOU'S,LOULOU'S,10/1/2013,9/30/2018
90104,Merchants Village,0060,9010403,BAGEL CAFE,BAGEL CAFE,6/1/2013,5/31/2018
90065,City Avenue Shopping Ctr,46,9006570,ARMOUR & SONS ELECTRIC,ARMOUR & SONS ELECTRIC,8/5/2016,2/28/2018
90064,Stefko Blvd Shopping Ctr,01,9006401,VALLEY FARM MARKET,VALLEY FARM MARKET,12/1/2003,10/31/2018
90094,Town Ctr at Sterling Shop Ctr,01,9009402,7-ELEVEN,7-ELEVEN,11/1/1973,10/31/2018
90096,Willston Centre II,01,9009635,XO TASTE RESTAURANT,XO TASTE RESTAURANT,9/11/2008,9/30/2018
90075,Weslayan Plaza West,02,9007502,GAMESTOP,GAMESTOP,3/20/2002,3/31/2018
90084,Village Shopping Center,02,9008404,SUBWAY,SUBWAY,4/1/2003,5/31/2018
90065,City Avenue Shopping Ctr,03,9006511,BASKIN ROBBINS # 455,BASKIN ROBBINS,4/1/1993,3/31/2018
90087,Centre Ridge Marketplace,03,9008717,CARTRIDGE WORLD,CARTRIDGE WORLD,8/26/2008,8/31/2018
90089,Fox Mill Shopping Center,03,9008931,IMAGES HAIR AND NAIL SALON,IMAGES HAIR AND NAIL SALON,12/12/2015,4/30/2018
90090,Greenbriar Town Center,03,9009073,TOTAL FRAMING,TOTAL FRAMING,4/1/2013,3/31/2018
90069,Newtown Square Shopping Center,04,9006946,QUEST DIAGNOSTICS,QUEST DIAGNOSTICS,10/13/2010,10/31/2018
90088,Festival at Manchester Lakes,04,9008804,BASKIN ROBBINS,BASKIN ROBBINS,9/3/2003,9/30/2018
90089,Fox Mill Shopping Center,04,9008904,SUBWAY,SUBWAY,7/1/1992,6/30/2018
90095,Willston Centre I,04,9009512,HOSPICE OF NORTHERN VIRGINIA,HOSPICE OF NORTHERN VIRGINIA,9/1/1998,8/31/2018
90086,Ashburn Farm Village Center,05,9008623,SERENITY NAILS,SERENITY NAILS,6/1/2011,5/31/2018
90092,Kings Park Shopping Ctr,05,9009206,SUBWAY,SUBWAY,7/1/2003,6/30/2018
90102,Whitnall Square Shopping Ctr,05,9010205,P.T. NAILS,P.T. NAILS,8/4/2000,8/31/2018
90075,Weslayan Plaza West,06,9007506,WIGS BY ANDRE,WIGS BY ANDRE,9/1/1999,8/31/2018
90095,Willston Centre I,06,9009554,HOSPICE OF NORTHERN VIRGINIA THRIFT SHOP,HOSPICE OF NORTHERN VIRGINIA,11/23/2011,8/31/2018
90099,Overlake Fashion Plaza,06,9009906,PAYLESS SHOESOURCE,PAYLESS SHOES,4/1/1990,3/31/2018
90068,Mercer Square Shopping Ctr,07,9006807,HOT SPOT I STEAK & HOAGIE REST,HOT SPOT RESTAURANT,7/1/1993,6/30/2018
90087,Centre Ridge Marketplace,07,9008707,SHOPPERS FOOD WAREHOUSE,SHOPPERS FOOD WAREHOUSE,6/1/1996,5/31/2018
90089,Fox Mill Shopping Center,07,9008907,GNC,GNC,3/20/1998,8/31/2018
90095,Willston Centre I,07,9009515,STEVEN'S SHOP,STEVEN'S SHOP,6/1/1996,5/31/2018
90099,Overlake Fashion Plaza,07,9009921,DESERT SUN TAN,DESERT SUN TAN,12/8/2005,12/31/2017
90090,Greenbriar Town Center,08,9009010,DRESS BARN,DRESS BARN,9/2/1992,6/30/2018
90091,Kamp Washington Shopping Ctr,08,9009108,CHIPOTLE MEXICAN GRILL #45-0456,CHIPOTLE MEXICAN GRILL,4/3/2003,4/30/2018
90075,Weslayan Plaza West,09,9007509,VEE TAILOR & ALTERATIONS,VEE TAILOR & ALTERATIONS,9/10/2003,9/30/2018
90094,Town Ctr at Sterling Shop Ctr,09,9009461,HOCKEY GIANT,HOCKEY GIANT,4/24/2013,4/30/2018
90095,Willston Centre I,09,9009562,RENT-A-CENTER,RENT-A-CENTER,9/11/2013,9/30/2018
90092,Kings Park Shopping Ctr,10,9009222,ZINGA FROZEN YOGURT,ZINGA FROZEN YOGURT,1/30/2013,1/31/2018
90064,Stefko Blvd Shopping Ctr,20,9006432,LA BORINQUENA,LA BORINQUENA,8/28/2015,8/31/2018
90065,City Avenue Shopping Ctr,20,9006527,"DELAWARE VALLEY ROSE, L.P.",APPLEBEES,3/30/1998,3/31/2018
90084,Village Shopping Center,20,9008451,RAVENCHASE ADVENTURES,RAVENCHASE ADVENTURES,7/22/2015,7/31/2018
90089,Fox Mill Shopping Center,11,9008928,HALLMARK,HALLMARK,5/1/2012,2/28/2018
90095,Willston Centre I,11,9009546,SOUTHERN FRESCA,LA PANADERIA DE PARIS,11/27/2008,11/30/2018
90098,Eastgate Plaza,11,9009823,BASKIN ROBBINS,BASKIN ROBBINS,2/1/2016,1/31/2018
90102,Whitnall Square Shopping Ctr,11,9010211,HARBOR FREIGHT TOOLS,HARBOR FREIGHT TOOLS,1/31/2003,5/31/2018
90064,Stefko Blvd Shopping Ctr,12,9006426,US ARMY RECRUITING OFFICE,US ARMY RECRUITING OFFICE,1/19/2012,1/18/2018
90089,Fox Mill Shopping Center,12,9008912,VA ABC,VIRGINIA ABC STORE,7/1/1993,7/31/2018
90064,Stefko Blvd Shopping Ctr,13,9006425,METRO PCS,METRO PCS,11/1/2010,10/31/2018
90069,Newtown Square Shopping Center,13,9006913,WINE AND SPIRITS PLCB #2314,WINE AND SPIRITS (vac: 5/9/17),10/1/1995,6/30/2018
90089,Fox Mill Shopping Center,13,9008925,MASSAGE ENVY,MASSAGE ENVY,3/12/2008,3/31/2018
90092,Kings Park Shopping Ctr,13,9009201,TOP KICK MARTIAL ARTS AT KINGS PARK,TOPKICK MARTIAL ARTS AT KINGS,6/16/2003,6/30/2018
90071,Warwick Square Shopping Center,14,9007113,SUBWAY,SUBWAY,3/15/2003,3/31/2018
90079,Gayton Crossing,17,9007972,APPLIANCE CONTRACT SALES,APPLIANCE CONTRACT SALES,12/17/2009,12/31/2017
90099,Overlake Fashion Plaza,17,9009917,SICHUANESE CUISINE,SICHUANESE CUISINE,9/15/1995,10/31/2018
90075,Weslayan Plaza West,18,9007517,AL'S FORMAL WEAR,ALS FORMAL WEAR,10/1/1987,9/30/2018
90095,Willston Centre I,18,9009566,FAMILY DEPOT,FAMILY DEPOT,5/13/2014,12/31/2017
90069,Newtown Square Shopping Center,23,9006924,MCDONALD'S CORPORATION,MCDONALDS (vac: 10/15/15),3/1/1977,4/2/2018
90084,Village Shopping Center,24,9008422,THE FITTING ROOM,THE FITTING ROOM,11/1/1982,2/28/2018
90069,Newtown Square Shopping Center,26,9006954,ESCAPE ROOM,ESCAPE ROOM,6/14/2016,6/30/2018
90095,Willston Centre I,26,9009532,EL CATRIN,EL CATRIN,10/1/1996,7/31/2018
90095,Willston Centre I,28,9009570,PHONES PLUS,PHONES PLUS,9/1/2015,8/31/2018
90095,Willston Centre I,36,9009577,FEDERAL HILL CONSULTING,FEDERAL HILL CONSULTING,6/15/2017,6/30/2018
90069,Newtown Square Shopping Center,37,9006956,FIT 'N' FUN,FIT 'N' FUN,9/8/2016,9/30/2018
90069,Newtown Square Shopping Center,16,9006916,VISIONARY EYEWEAR,VISIONARY EYEWEAR,1/4/1994,5/31/2018
90075,Weslayan Plaza West,16,9007515,GNC,GNC,6/1/1996,5/31/2018
90103,Weslayan Plaza East,16,9010316,"CEC ENTERTAINMENT, INC.",CHUCK E. CHEESE,8/1/1997,7/31/2018
90075,Weslayan Plaza West,22,9007544,OFFICEMAX,OFFICE MAX,3/17/2008,3/31/2018
90095,Willston Centre I,29,9009571,PHONES PLUS,PHONES PLUS,7/1/2015,8/31/2018
90084,Village Shopping Center,33,9008442,LEO JOSEPH WELLHOUSE,LEO JOSEPH WELLHOUSE,3/1/2011,2/28/2018
90094,Town Ctr at Sterling Shop Ctr,33,9009401,PEARL NAILS AND SPA,PEARL NAILS AND SPA,6/8/2004,11/30/2018
90069,Newtown Square Shopping Center,25,9006926,POLLEY ASSOCIATES,POLLEY ASSOCIATES,9/1/1998,8/31/2018
90084,Village Shopping Center,25,9008436,ATLANTIC EMBROIDERY WORKS,ATLANTIC EMBROIDERY WORKS,8/1/2007,1/31/2018
90069,Newtown Square Shopping Center,38,9006953,THE SHOTOKAN KARATE ACADEMY,THE SHOTOKAN KARATE ACADEMY,5/1/2016,4/30/2018
90095,Willston Centre I,38,9009549,CENTRAL DE SERVICIOS HISPANOS,CENTRAL DE SERVICIOS HISPANOS,12/1/2009,11/30/2018
90079,Gayton Crossing,40,9007979,CHIANTI ITALIAN REST & PIZZARIA,CHIANTI ITALIAN REST&PIZZARIA,3/1/2011,2/28/2018
90090,Greenbriar Town Center,30,9009066,SWEET FROG FROZEN YOGURT,SWEET FROG FROZEN YOGURT,4/11/2011,10/31/2018
